,ball skills,physical,postions_Player,defence,mental,shooting,passing,hight,wight,age,value
Lionel Messi,96.0,80.85714285714286,ST,27.5,77.0,86.875,89.0,170,72,34,78000000
Robert Lewandowski,86.5,80.28571428571429,ST,38.5,81.16666666666667,88.125,75.33333333333333,185,81,33,119500000
Kylian Mbappé,92.0,87.42857142857143,ST,30.0,75.83333333333333,80.5,78.0,182,73,22,194000000
Cristiano Ronaldo,88.0,83.0,ST,28.0,75.33333333333333,88.875,81.33333333333333,187,83,36,45000000
Harry Kane,84.0,75.28571428571429,ST,43.0,81.33333333333333,85.5,83.66666666666667,188,89,28,129500000
Erling Haaland,81.5,81.71428571428571,ST,43.5,76.66666666666667,80.875,58.333333333333336,194,94,21,137500000
Romelu Lukaku,80.0,74.14285714285714,ST,35.5,73.16666666666667,81.75,73.33333333333333,191,94,28,93500000
Luis Suárez,84.5,75.71428571428571,ST,43.5,80.33333333333333,86.875,80.0,182,83,34,44500000
Ciro Immobile,81.5,81.0,ST,33.5,74.66666666666667,79.0,62.666666666666664,185,85,31,67500000
Sergio Agüero,87.0,75.57142857142857,ST,29.5,73.33333333333333,82.5,71.33333333333333,173,70,33,51000000
Marcos Llorente,83.0,80.71428571428571,ST,79.5,84.5,71.25,81.0,184,74,26,88000000
Jamie Vardy,80.0,77.71428571428571,ST,48.5,80.5,77.5,67.66666666666667,179,74,34,33000000
Gerard Moreno,85.5,76.42857142857143,ST,42.5,72.5,80.0,77.66666666666667,180,77,29,68000000
Marcus Rashford,85.0,81.85714285714286,ST,41.5,73.83333333333333,80.0,77.0,186,70,23,77500000
Lautaro Martínez,84.0,85.14285714285714,ST,43.0,78.33333333333333,76.125,69.0,174,72,24,78000000
Antoine Griezmann,87.0,82.0,ST,48.5,79.16666666666667,83.5,83.0,176,73,30,53000000
Pierre-Emerick Aubameyang,80.0,78.57142857142857,ST,24.5,71.83333333333333,80.625,72.33333333333333,187,80,32,43500000
Edinson Cavani,77.5,71.85714285714286,ST,46.5,79.66666666666667,82.75,65.0,185,77,34,26000000
André Silva,84.5,77.57142857142857,ST,38.0,77.5,77.125,67.33333333333333,185,84,25,51000000
Nabil Fekir,87.5,80.57142857142857,ST,38.0,74.33333333333333,76.625,80.33333333333333,173,75,28,45000000
Timo Werner,83.0,80.42857142857143,ST,29.5,70.33333333333333,76.125,67.66666666666667,180,76,25,56500000
D. Rolan Carrasco,86.5,78.42857142857143,ST,45.5,70.66666666666667,76.5,77.66666666666667,185,73,28,45000000
Josip Iličić,88.0,68.42857142857143,ST,36.5,72.66666666666667,81.125,81.66666666666667,190,79,33,27000000
Wissam Ben Yedder,87.0,81.14285714285714,ST,33.5,74.5,80.875,74.0,170,68,31,41500000
Iago Aspas,86.5,74.42857142857143,ST,30.0,72.66666666666667,81.625,77.66666666666667,176,67,34,27000000
Dries Mertens,88.0,73.71428571428571,ST,31.5,70.33333333333333,74.75,76.33333333333333,169,61,34,20500000
Ponguillo Ibrahimović,82.0,67.42857142857143,ST,32.5,75.0,83.875,75.0,195,95,40,14500000
Gabriel Jesus,86.0,70.28571428571429,ST,37.5,72.33333333333333,55.25,69.66666666666667,175,73,24,52500000
Wout Weghorst,72.0,68.85714285714286,ST,55.5,73.66666666666667,71.25,53.666666666666664,197,84,29,37000000
Andrej Kramarić,86.5,75.57142857142857,ST,27.5,57.833333333333336,82.25,52.333333333333336,177,73,30,35500000
Duván Wesley David,80.5,76.0,ST,34.0,68.0,73.375,55.0,189,88,30,35500000
Ángel Correa,87.5,78.57142857142857,ST,47.5,75.83333333333333,75.625,74.33333333333333,171,70,26,48000000
Raúl Jiménez,83.0,74.42857142857143,ST,41.5,76.5,78.375,76.33333333333333,188,81,30,35500000
Mauro Icardi,78.0,73.14285714285714,ST,34.5,68.33333333333333,77.875,59.0,181,75,28,37000000
Morata,83.0,77.14285714285714,ST,25.5,69.33333333333333,74.875,70.0,190,84,28,37000000
Edin Džeko,82.0,67.42857142857143,ST,41.0,73.0,74.375,72.66666666666667,193,80,35,15500000
Ferran Torres,82.5,77.28571428571429,ST,29.5,68.33333333333333,72.5,78.33333333333333,184,77,21,68500000
Mitchell-Lawson En-Nesyri,81.5,72.14285714285714,ST,29.0,65.83333333333333,73.0,58.333333333333336,188,78,24,44000000
Alexander Isak,80.5,75.42857142857143,ST,23.0,66.83333333333333,75.75,62.333333333333336,192,77,22,45000000
Richarlison,84.5,80.57142857142857,ST,51.5,75.0,75.875,71.0,181,71,24,46500000
Diogo Jota,85.0,81.42857142857143,ST,55.5,78.0,74.5,72.33333333333333,178,73,24,46000000
Ante Rebić,83.0,77.57142857142857,ST,49.0,72.66666666666667,76.625,74.0,185,78,28,32500000
Kevin Volland,80.0,79.71428571428571,ST,36.0,77.33333333333333,81.125,77.66666666666667,179,85,29,
Luis Muriel,85.5,79.28571428571429,ST,25.0,65.5,80.25,68.66666666666667,179,79,30,30000000
Alexandre Lacazette,82.5,75.71428571428571,ST,42.0,72.33333333333333,78.625,72.33333333333333,175,73,30,30000000
Lars Stindl,83.0,70.0,ST,60.5,78.33333333333333,69.25,79.33333333333333,181,80,33,24000000
Oswaldinato,77.5,76.28571428571429,ST,13.0,64.66666666666667,73.625,66.33333333333333,184,79,29,25500000
Louri Beretta,74.5,68.85714285714286,ST,26.5,66.83333333333333,77.5,58.666666666666664,188,83,29,25500000
Gonçalo Guedes,82.0,76.57142857142857,ST,29.0,70.66666666666667,73.5,75.33333333333333,179,68,24,39000000
Dominic Calvert-Lewin,78.0,79.42857142857143,ST,34.5,69.66666666666667,72.875,61.333333333333336,187,71,24,37500000
Morales,85.5,77.71428571428571,ST,49.0,73.33333333333333,77.25,74.0,180,70,34,16500000
Iñaki Williams,78.5,82.85714285714286,ST,38.0,69.5,72.375,72.0,186,80,27,30000000
Anthony Martial,87.0,78.57142857142857,ST,29.5,66.83333333333333,75.5,70.33333333333333,184,76,25,34500000
Darwin Machís,82.0,83.0,ST,37.5,69.66666666666667,71.25,75.33333333333333,174,74,28,26000000
Andrea Belotti,77.5,78.57142857142857,ST,33.5,70.5,74.875,53.666666666666664,181,84,27,30000000
Arkadiusz Milik,79.0,66.14285714285714,ST,34.5,67.5,80.875,67.0,186,78,27,30000000
Lucas Moura,84.5,84.57142857142857,ST,37.0,72.16666666666667,73.75,69.33333333333333,174,70,29,26000000
Paco Alcácer,80.0,72.71428571428571,ST,33.5,67.5,81.875,63.0,175,70,28,28000000
Danny Ings,79.5,76.28571428571429,ST,41.5,73.66666666666667,78.625,67.33333333333333,178,73,29,26500000
Andy Delort,75.0,81.42857142857143,ST,34.5,70.66666666666667,78.75,71.0,181,83,29,25500000
Marko Arnautović,79.5,78.57142857142857,ST,41.0,72.0,79.25,77.33333333333333,192,83,32,21000000
Burak Nagatomo,73.0,71.0,ST,29.0,74.16666666666667,78.75,66.33333333333333,188,77,36,11000000
Maximiliano Gómez,74.5,72.14285714285714,ST,27.5,69.0,75.625,65.33333333333333,186,84,25,32000000
Victor Osimhen,75.5,81.42857142857143,ST,37.0,67.66666666666667,71.75,62.0,185,78,22,43000000
Donyell Malen,83.0,82.57142857142857,ST,25.5,67.83333333333333,73.125,70.0,179,78,22,33000000
Jonathan Rodríguez,81.0,82.0,ST,31.5,67.33333333333333,72.75,66.66666666666667,177,79,28,19000000
Dele Alli,83.5,72.42857142857143,ST,64.5,76.83333333333333,75.875,78.0,188,80,25,26500000
Gaëtan Laborde,79.5,78.14285714285714,ST,36.0,71.0,74.875,75.0,181,78,27,24500000
Josef Martínez,77.5,81.85714285714286,ST,20.0,63.5,73.625,59.0,170,69,28,21500000
Roger,77.5,75.14285714285714,ST,39.0,68.83333333333333,72.375,63.666666666666664,179,74,30,20500000
Sébastien Haller,76.5,70.28571428571429,ST,50.0,70.5,73.375,55.0,190,82,27,24500000
Eran Mirshad M.,79.0,78.42857142857143,ST,35.5,68.66666666666667,57.375,71.66666666666667,182,71,34,13500000
João Pedro,82.0,74.57142857142857,ST,37.0,73.0,75.25,74.66666666666667,184,73,29,21000000
Cédric Bakambu,75.5,82.42857142857143,ST,30.5,70.5,73.625,70.33333333333333,182,74,30,20500000
Alexis Sánchez,83.5,78.28571428571429,ST,41.0,70.83333333333333,74.0,77.33333333333333,168,62,32,17000000
Raúl García,82.5,64.28571428571429,ST,59.0,81.5,80.625,81.66666666666667,184,83,35,10500000
Gonzalo Higuaín,79.5,65.85714285714286,ST,27.0,64.66666666666667,77.125,68.66666666666667,186,89,33,13500000
André-Pierre Gignac,78.5,71.28571428571429,ST,35.5,73.66666666666667,77.875,72.0,189,85,35,9000000
Cody Gakpo,79.5,78.57142857142857,ST,40.5,66.66666666666667,72.875,72.33333333333333,189,76,22,28000000
Mehdi Taremi,82.0,74.42857142857143,ST,39.5,64.5,71.625,68.66666666666667,187,83,29,18000000
Matheus Cunha,84.5,78.28571428571429,ST,28.5,66.83333333333333,73.5,72.66666666666667,183,76,22,35500000
Moise Kean,78.0,79.28571428571429,ST,38.0,62.166666666666664,69.375,51.666666666666664,182,72,21,39500000
Jonathan Ikoné,82.0,73.28571428571429,ST,34.0,68.16666666666667,66.375,70.66666666666667,175,73,23,25000000
Patrik Schick,81.5,71.42857142857143,ST,34.0,64.16666666666667,73.75,67.66666666666667,191,85,25,23500000
Luka Jović,79.0,76.0,ST,25.5,65.66666666666667,73.75,66.66666666666667,182,85,23,27000000
Luimo Boas Santos,81.5,78.57142857142857,ST,23.5,63.0,75.375,57.333333333333336,176,73,21,21000000
Kasper Dolberg,78.5,72.28571428571429,ST,26.0,60.666666666666664,77.625,63.0,187,84,24,25500000
Ezequiel Ávila,78.0,79.42857142857143,ST,42.0,70.0,72.875,64.0,172,81,27,20500000
Marcus Thuram,81.5,75.71428571428571,ST,46.0,67.66666666666667,69.125,70.33333333333333,192,88,24,27500000
Mata,79.0,65.28571428571429,ST,28.5,68.83333333333333,70.125,59.666666666666664,185,79,32,14000000
Munir,82.5,63.57142857142857,ST,32.5,65.83333333333333,75.625,71.66666666666667,175,69,26,21000000
Paulinho,76.0,73.42857142857143,ST,41.0,71.5,72.0,59.666666666666664,188,84,28,18000000
Allan Saint-Maximin,87.0,72.85714285714286,ST,23.0,58.333333333333336,54.5,69.33333333333333,173,67,24,26500000
Paul Ebere Onuachu,75.5,63.42857142857143,ST,40.5,69.16666666666667,69.25,60.666666666666664,201,93,27,20500000
Rubén García,79.5,73.28571428571429,ST,46.5,64.66666666666667,71.625,79.66666666666667,171,71,28,18500000
De Tomás,80.5,55.42857142857143,ST,33.0,67.5,78.375,67.66666666666667,180,79,27,23000000
Alassane Plea,78.5,75.0,ST,34.5,71.66666666666667,77.5,76.0,181,79,28,18000000
Pozuelo,82.5,70.71428571428571,ST,52.5,73.16666666666667,71.75,76.66666666666667,170,63,30,17000000
Lucas Pérez,78.5,71.71428571428571,ST,24.5,70.0,79.125,72.66666666666667,180,73,33,14000000
Rodrigo,80.0,78.14285714285714,ST,44.5,69.16666666666667,77.0,72.66666666666667,182,77,30,17000000
Callum Wilson,78.5,76.0,ST,38.0,70.83333333333333,70.875,65.0,180,66,29,17500000
Derviševič El Arabi,80.5,71.71428571428571,ST,27.5,66.66666666666667,79.625,65.66666666666667,182,84,34,8500000
Luis Miguel Rodríguez,83.5,72.57142857142857,ST,40.0,74.33333333333333,80.5,73.0,168,71,36,6000000
Ai Kesen,78.5,83.85714285714286,ST,44.0,71.83333333333333,78.375,69.33333333333333,180,77,32,15000000
Chris Wood,73.0,60.42857142857143,ST,34.5,56.333333333333336,65.25,54.0,191,92,29,17500000
Gao Late,80.5,78.42857142857143,ST,39.0,68.16666666666667,75.875,76.0,185,78,30,17000000
Michail Antonio,77.5,82.57142857142857,ST,53.5,72.5,72.625,74.0,178,82,31,15000000
Matías Suárez,42.0,34.42857142857143,ST,22.5,40.0,19.125,25.0,183,75,33,11000000
Olivier Giroud,75.0,59.285714285714285,ST,37.0,72.83333333333333,78.625,65.66666666666667,193,91,35,8500000
Bafétimbi Gomis,76.0,64.57142857142857,ST,27.0,67.66666666666667,76.375,64.33333333333333,186,86,36,7500000
Dušan Vlahović,77.0,70.14285714285714,ST,22.0,61.333333333333336,68.875,56.0,190,75,21,29000000
Mason Greenwood,79.0,64.71428571428571,ST,37.0,66.16666666666667,73.0,72.33333333333333,181,70,20,30500000
Puado,80.0,80.14285714285714,ST,42.5,67.0,67.75,69.66666666666667,177,69,23,28000000
Jonathan David,78.5,80.57142857142857,ST,21.0,59.666666666666664,68.625,71.66666666666667,177,77,21,32000000
Júnior Moraes,77.5,73.14285714285714,ST,17.5,67.0,67.125,55.333333333333336,176,74,34,7000000
Amine Gouiri,80.0,75.0,ST,43.0,69.33333333333333,75.625,74.66666666666667,180,72,21,29000000
Jean-Pierre Nsame,74.0,77.42857142857143,ST,23.5,62.0,70.0,51.0,188,88,28,14500000
Ismaïla Sarr,80.5,76.0,ST,20.5,60.833333333333336,68.25,65.33333333333333,185,76,23,31000000
Aeron Ferreira Sousa,82.0,68.28571428571429,ST,46.0,70.16666666666667,75.25,77.66666666666667,185,74,24,20500000
Tammy Abraham,74.5,67.14285714285714,ST,29.0,61.666666666666664,68.875,57.666666666666664,196,87,23,31500000
Matheus Bardeira,69.5,75.14285714285714,ST,28.5,60.833333333333336,70.25,63.0,187,85,21,17000000
Fredditinho,73.0,78.14285714285714,ST,32.5,64.83333333333333,74.125,62.333333333333336,188,87,33,9000000
Kelechi Iheanacho,78.5,70.71428571428571,ST,37.5,66.16666666666667,74.125,68.33333333333333,185,82,24,20500000
Jarrod Bowen,79.0,73.85714285714286,ST,44.5,65.83333333333333,69.5,72.0,175,70,24,21000000
Karl Toko Ekambi,76.5,77.42857142857143,ST,18.5,50.833333333333336,64.625,49.0,185,74,29,14000000
Ollie Watkins,75.5,82.28571428571429,ST,43.0,62.333333333333336,68.75,65.33333333333333,180,70,25,21000000
Rafael Santos Borré,77.0,80.28571428571429,ST,42.5,74.16666666666667,74.125,70.33333333333333,174,70,26,19000000
Ludovic Ajorque,74.5,63.857142857142854,ST,18.0,67.16666666666667,69.875,55.666666666666664,197,92,27,16500000
Lucas Alario,75.5,71.14285714285714,ST,24.5,66.0,70.125,54.666666666666664,184,78,29,14500000
Alexey Miranchuk,80.0,72.14285714285714,ST,25.0,64.66666666666667,68.625,75.0,182,67,25,17500000
Adama Traoré,87.5,87.0,ST,37.5,63.5,57.125,67.66666666666667,178,72,25,18500000
Moussa Dembélé,73.5,77.71428571428571,ST,26.5,67.0,73.25,56.666666666666664,183,79,25,20500000
Patrick Bamford,74.0,73.71428571428571,ST,38.5,69.5,72.0,64.66666666666667,185,71,28,15000000
Rogelio Funes Mori,75.0,77.14285714285714,ST,40.0,72.66666666666667,73.875,67.66666666666667,186,78,30,14000000
Willian José,77.5,66.71428571428571,ST,36.0,70.33333333333333,74.25,59.666666666666664,189,91,29,14000000
Haris Seferović,72.5,74.14285714285714,ST,45.0,71.33333333333333,74.125,65.66666666666667,189,85,29,14000000
Kike García,77.0,65.0,ST,39.5,71.5,70.0,61.0,186,79,31,12000000
Francesco Caputo,77.0,78.71428571428571,ST,30.0,60.833333333333336,71.625,59.333333333333336,181,74,34,9000000
Ante Budimir,78.5,62.0,ST,32.0,60.666666666666664,65.625,46.333333333333336,190,75,30,14000000
Artem Dzyuba,75.0,65.14285714285714,ST,21.0,70.33333333333333,73.875,65.0,196,91,33,
Ángel,79.5,69.57142857142857,ST,32.5,65.5,71.625,58.333333333333336,172,68,34,7000000
Felipe Caicedo,78.0,71.14285714285714,ST,38.0,71.5,74.375,68.0,183,82,33,11500000
Falcao,76.5,68.42857142857143,ST,37.0,70.0,78.5,63.666666666666664,177,72,35,6000000
Fabio Quagliarella,80.5,66.71428571428571,ST,28.0,64.83333333333333,80.5,72.0,180,79,38,4800000
Negredo,73.0,67.71428571428571,ST,32.0,66.83333333333333,77.25,60.333333333333336,186,86,36,6000000
Noni Madueke,84.0,78.28571428571429,ST,37.0,61.0,65.625,66.66666666666667,182,70,19,23000000
Shon Weissman,71.0,73.71428571428571,ST,26.5,66.0,72.375,63.0,174,79,25,15000000
Boulaye Dia,77.0,42.42857142857143,ST,22.5,59.333333333333336,68.0,37.333333333333336,180,75,24,17000000
Arthur Cabral,74.5,75.42857142857143,ST,27.0,62.5,68.625,60.0,186,89,23,23500000
Luis Javier Suárez,73.0,78.57142857142857,ST,37.0,66.83333333333333,71.25,65.33333333333333,185,74,23,23500000
Vinícius,77.0,66.71428571428571,ST,38.5,71.5,68.75,56.333333333333336,190,83,26,14000000
Musa Barrow,79.0,71.0,ST,32.5,59.0,65.25,65.33333333333333,183,70,22,15000000
Rafael Leão,82.0,73.57142857142857,ST,23.0,62.0,67.125,67.33333333333333,188,81,22,16000000
Patson Daka,75.0,83.85714285714286,ST,21.0,59.833333333333336,68.0,60.0,183,71,22,21500000
Roman Nica,73.5,72.57142857142857,ST,43.0,67.0,68.5,70.66666666666667,191,79,25,14000000
Nicolás González,83.5,75.42857142857143,ST,42.0,67.16666666666667,66.25,63.0,180,72,23,17000000
Saša Kalajdžić,76.0,63.285714285714285,ST,42.5,62.666666666666664,63.625,65.66666666666667,200,90,24,16000000
Martin Terrier,76.5,74.0,ST,32.5,64.5,71.375,74.0,184,73,24,15500000
Arnaut Danjuma,79.0,74.85714285714286,ST,43.5,50.333333333333336,53.75,69.0,178,74,24,
Rafa Mir,72.5,71.85714285714286,ST,42.5,63.666666666666664,73.75,63.666666666666664,191,87,24,21500000
Tino Kadewere,77.5,78.42857142857143,ST,36.5,65.66666666666667,68.875,67.0,183,71,25,14000000
Nuno Padrenda,84.5,74.71428571428571,ST,51.0,70.33333333333333,68.125,78.33333333333333,180,75,25,12000000
Moussa Marega,65.0,77.85714285714286,ST,39.5,69.16666666666667,67.875,60.0,183,83,30,10500000
Braian Romero,0.0,25.571428571428573,ST,19.5,38.0,46.5,0.0,176,73,30,10500000
Melero,74.5,68.57142857142857,ST,72.0,74.16666666666667,73.625,73.66666666666667,183,77,27,12000000
Soares,76.0,75.28571428571429,ST,41.5,71.33333333333333,69.625,57.333333333333336,187,82,30,10500000
Jordan Larsson,79.0,78.28571428571429,ST,21.5,68.16666666666667,73.875,72.0,175,68,24,21500000
Henry Martín,37.5,69.28571428571429,ST,33.0,43.5,68.125,63.0,177,80,28,
Breel Embolo,75.5,77.14285714285714,ST,51.5,71.0,69.625,69.66666666666667,187,88,24,16000000
Mislav Oršić,74.5,80.0,ST,56.5,67.33333333333333,77.375,70.0,179,69,28,10500000
Mattia Zinga,80.5,70.28571428571429,ST,58.5,71.83333333333333,64.25,76.33333333333333,177,63,26,14000000
Luca Waldschmidt,75.5,71.85714285714286,ST,26.0,62.666666666666664,74.0,67.66666666666667,181,74,25,15500000
Ihlas Bebou,79.5,78.57142857142857,ST,30.5,61.666666666666664,67.125,67.0,185,80,27,11500000
Serhou Guirassy,77.5,71.28571428571429,ST,35.5,65.66666666666667,73.375,64.0,187,82,25,15000000
Abderrazak Hamdallah,77.5,71.57142857142857,ST,27.5,64.0,73.125,66.0,180,82,30,10500000
Frank Acheampong,78.5,87.57142857142857,ST,49.5,65.66666666666667,67.5,66.66666666666667,170,60,28,11000000
Santi Mina,77.5,74.28571428571429,ST,42.5,69.83333333333333,71.25,69.66666666666667,181,77,25,15000000
Neal Maupay,73.0,73.14285714285714,ST,42.5,67.5,72.0,64.66666666666667,173,69,25,16000000
Davinder.S Poulsen,75.0,76.28571428571429,ST,56.0,72.66666666666667,66.875,64.66666666666667,192,84,27,12500000
Carlos Bacca,76.5,59.42857142857143,ST,28.0,65.83333333333333,71.875,61.0,181,77,35,5000000
Leandro Trossard,78.0,78.71428571428571,ST,30.5,61.0,74.0,74.0,172,67,26,12500000
Zé Luís,77.0,76.42857142857143,ST,27.5,67.33333333333333,71.875,51.333333333333336,184,80,30,10500000
Gregoire Defrel,0.0,65.85714285714286,ST,32.5,65.66666666666667,0.0,42.333333333333336,179,77,30,
Vincent Aboubakar,80.0,73.85714285714286,ST,33.5,69.66666666666667,74.5,67.66666666666667,184,82,29,10500000
Wahbi Khazri,77.5,65.85714285714286,ST,38.5,73.5,74.375,74.0,176,82,30,10500000
Martin Braithwaite,79.5,77.42857142857143,ST,32.5,67.5,73.375,69.33333333333333,177,73,30,10500000
Salomón Rondón,71.0,64.42857142857143,ST,28.5,67.16666666666667,73.5,61.666666666666664,186,86,32,9000000
Bas Dost,70.0,50.0,ST,51.5,71.66666666666667,73.0,49.333333333333336,196,83,32,8500000
A Lan,81.0,81.0,ST,27.5,63.833333333333336,74.875,65.66666666666667,178,64,32,9000000
Alan Kardec,72.0,65.71428571428571,ST,27.5,61.166666666666664,72.25,64.33333333333333,190,80,32,8500000
Stevan Jovetić,80.0,65.71428571428571,ST,31.5,65.66666666666667,78.375,72.0,183,79,31,9000000
Kévin Gameiro,75.0,76.28571428571429,ST,38.5,69.0,74.875,72.33333333333333,172,70,34,5000000
Joselu,76.5,52.42857142857143,ST,25.0,63.5,74.5,64.66666666666667,192,80,31,9000000
Jorge Molina,73.5,43.57142857142857,ST,38.5,73.0,75.5,62.333333333333336,188,72,39,3600000
Soldado,77.5,60.42857142857143,ST,39.5,72.83333333333333,75.875,67.66666666666667,180,74,36,3600000
Darwin Núñez,73.5,77.71428571428571,ST,35.5,71.16666666666667,70.875,64.33333333333333,187,81,22,17000000
Charles De Ketelaere,80.5,72.42857142857143,ST,52.0,69.33333333333333,71.875,75.0,192,79,20,16500000
Adam Hložek,77.0,75.85714285714286,ST,27.5,65.5,71.0,69.33333333333333,188,86,19,16000000
Julián Álvarez,0.0,21.857142857142858,ST,0.0,12.166666666666666,44.125,0.0,170,71,21,
Loren,75.5,69.0,ST,30.0,64.83333333333333,72.375,51.666666666666664,188,82,27,9000000
Myron Boadu,75.0,80.85714285714286,ST,25.5,61.333333333333336,65.875,58.0,183,67,20,16500000
Brais Méndez,76.5,64.28571428571429,ST,49.0,67.66666666666667,69.125,74.66666666666667,187,76,24,12000000
Toni Martínez,74.0,70.0,ST,17.0,62.333333333333336,66.25,56.0,187,84,24,15000000
Amath Ndiaye,79.5,77.85714285714286,ST,46.5,66.66666666666667,66.375,65.33333333333333,173,70,25,10000000
Wesley,74.0,64.71428571428571,ST,36.0,69.5,69.375,66.0,191,93,24,11000000
Dodi Lukébakio,80.5,74.28571428571429,ST,30.0,58.0,69.125,67.0,187,77,24,11500000
Borja Mayoral,78.5,73.14285714285714,ST,34.5,65.33333333333333,71.25,68.0,182,74,24,11500000
Ché Adams,74.0,78.71428571428571,ST,37.5,65.66666666666667,70.125,59.333333333333336,178,70,25,11500000
Denis Bouanga,0.0,74.57142857142857,ST,36.0,41.333333333333336,63.5,43.666666666666664,180,70,26,
Stephy Mavididi,76.5,75.42857142857143,ST,22.5,58.333333333333336,63.75,68.66666666666667,182,71,23,11500000
Peter Olayinka,75.5,79.28571428571429,ST,55.5,70.83333333333333,68.75,69.33333333333333,188,77,25,9500000
Emmanuel Boateng,72.5,86.14285714285714,ST,35.5,63.333333333333336,66.875,56.333333333333336,175,70,25,10500000
Omar Al Somah,73.5,70.42857142857143,ST,32.0,67.16666666666667,76.625,67.66666666666667,190,86,32,6000000
Krzysztof Piątek,72.5,72.57142857142857,ST,33.5,61.333333333333336,68.75,50.0,183,77,26,10000000
Adam Armstrong,74.0,83.42857142857143,ST,29.5,69.33333333333333,71.0,63.333333333333336,172,69,24,12000000
Alfredo Morelos,74.5,79.0,ST,42.5,68.83333333333333,69.75,64.33333333333333,177,79,25,11000000
Juan Dinenno,70.5,68.14285714285714,ST,20.0,60.0,60.875,54.0,186,83,27,
Islam Slimani,72.0,61.285714285714285,ST,45.0,74.5,72.375,73.33333333333333,188,83,33,4800000
Moses Simon,0.0,85.42857142857143,ST,30.0,47.666666666666664,54.375,0.0,168,69,26,
Alexander Sørloth,72.5,72.28571428571429,ST,31.0,68.33333333333333,71.625,64.0,194,90,25,10000000
Keita Baldé,79.5,80.0,ST,23.0,63.0,68.75,70.66666666666667,184,77,26,10000000
Aleksandar Mitrović,71.0,61.285714285714285,ST,24.5,53.333333333333336,49.875,48.333333333333336,189,90,27,
Andrea Petagna,79.0,70.71428571428571,ST,33.5,64.16666666666667,68.5,66.66666666666667,190,85,26,10000000
Bruno Petković,84.0,73.71428571428571,ST,40.0,60.333333333333336,75.25,71.66666666666667,193,88,27,9000000
Silvio Romero,77.5,52.285714285714285,ST,43.5,69.16666666666667,72.125,0.0,177,76,33,6000000
Divock Origi,76.5,73.57142857142857,ST,20.0,66.0,66.125,67.0,189,90,26,10000000
Hwang Ui Jo,74.5,75.0,ST,37.5,66.0,71.75,62.0,185,82,29,7500000
Jamie Maclaren,70.5,82.14285714285714,ST,28.5,70.5,71.375,60.333333333333336,179,76,28,8000000
Ivan Toney,70.5,80.14285714285714,ST,43.0,70.83333333333333,71.125,57.333333333333336,187,70,25,10500000
Munas Dabbur,76.5,75.57142857142857,ST,29.5,60.0,72.375,61.666666666666664,183,78,29,7500000
Nicolas López,79.0,74.85714285714286,ST,19.5,59.166666666666664,71.375,69.33333333333333,178,75,28,8000000
Joel Campbell,77.0,77.28571428571429,ST,36.0,67.66666666666667,71.125,73.33333333333333,178,78,29,7500000
Michy Batshuayi,76.5,73.85714285714286,ST,31.5,64.16666666666667,70.25,55.0,185,78,28,8000000
M'Baye Niang,76.0,72.57142857142857,ST,27.0,61.833333333333336,73.75,64.0,188,83,26,10000000
Simone Nevitt,75.0,77.28571428571429,ST,47.0,70.5,72.75,54.666666666666664,186,78,30,7500000
Nathan Redmond,80.5,71.28571428571429,ST,29.5,59.5,63.375,68.33333333333333,173,69,27,8000000
Giovanni Moreno,76.0,76.57142857142857,ST,51.0,71.0,76.375,70.66666666666667,192,83,35,3200000
Andriy Cardoso Mané,80.5,58.714285714285715,ST,36.0,72.66666666666667,77.875,76.33333333333333,190,83,31,6000000
Teemu Pukki,75.0,73.57142857142857,ST,29.5,69.83333333333333,65.625,54.666666666666664,180,80,31,6500000
Fedor Smolov,74.5,73.42857142857143,ST,27.0,66.5,73.75,68.33333333333333,186,83,31,6500000
Cristhian Stuani,70.5,61.57142857142857,ST,47.0,68.0,75.25,68.66666666666667,186,76,34,3600000
Eric Maxim Choupo-Moting,79.5,71.71428571428571,ST,33.5,65.0,68.875,67.66666666666667,191,90,32,6000000
Nordin Amrabat,76.5,75.28571428571429,ST,50.0,70.0,72.75,73.66666666666667,179,77,34,3500000
Diego Valeri,79.0,65.14285714285714,ST,44.0,67.66666666666667,76.25,76.33333333333333,178,73,35,3100000
Ivan Schranz,72.5,76.0,ST,24.5,65.33333333333333,71.125,58.666666666666664,185,73,28,6000000
Marcos André,73.5,74.28571428571429,ST,34.5,58.333333333333336,66.875,59.0,184,78,25,
Kodjo Fo-Doh Laba,67.0,77.85714285714286,ST,18.0,62.333333333333336,68.25,62.333333333333336,183,82,29,4200000
Silas,80.5,76.14285714285714,ST,51.5,65.0,62.75,61.333333333333336,189,79,23,12500000
Manu Vallejo,75.5,75.28571428571429,ST,44.0,59.333333333333336,73.0,65.33333333333333,167,72,24,8500000
Caleb Ekuban,74.0,80.71428571428571,ST,22.0,63.5,67.625,66.33333333333333,182,80,27,6000000
José Juan Macías,76.0,67.57142857142857,ST,20.0,56.166666666666664,65.75,58.666666666666664,177,73,22,12500000
Mama Baldé,71.5,83.0,ST,46.5,68.0,66.75,68.66666666666667,176,69,25,7000000
Mergim Berisha,75.0,73.28571428571429,ST,26.5,66.16666666666667,72.5,68.66666666666667,186,79,23,8500000
Juan Camilo Hernández,72.5,75.85714285714286,ST,43.5,63.833333333333336,69.125,63.333333333333336,176,73,22,9000000
Alexandr Sobolev,72.5,69.14285714285714,ST,42.5,62.833333333333336,69.875,50.666666666666664,195,85,24,8500000
Alberth Elis,78.0,78.85714285714286,ST,24.0,66.0,66.125,60.333333333333336,180,73,25,7500000
F. Villalba Wissa,76.5,77.71428571428571,ST,24.0,63.0,65.125,65.33333333333333,176,74,25,7500000
Henry Onyekuru,79.0,80.14285714285714,ST,37.5,57.0,64.875,65.33333333333333,175,70,24,8500000
Fernando da Silva L. S.,73.0,67.85714285714286,ST,26.5,59.833333333333336,67.0,54.0,185,83,33,3600000
Andraž Šporar,72.5,73.85714285714286,ST,13.0,57.5,69.5,64.33333333333333,186,82,27,6500000
Umar Sadiq,74.5,51.714285714285715,ST,28.5,53.833333333333336,66.625,54.0,192,75,24,9000000
Taiwo Awoniyi,70.5,63.285714285714285,ST,26.0,37.666666666666664,37.375,61.333333333333336,183,85,24,
Formosandrinho,72.5,69.85714285714286,ST,17.0,59.5,69.875,60.0,178,72,29,5500000
Dênildo Stein,75.5,64.85714285714286,ST,22.5,62.0,71.25,59.333333333333336,180,71,37,1900000
Alexis Canelo,72.5,74.0,ST,23.0,62.5,66.625,64.66666666666667,178,80,29,5500000
Fábio Abreu,71.5,76.14285714285714,ST,23.0,56.833333333333336,68.0,49.333333333333336,182,76,28,6000000
Florian Sotoca,71.5,76.57142857142857,ST,38.5,67.66666666666667,69.0,69.0,187,77,30,5500000
Takumi Minamino,79.5,77.14285714285714,ST,31.0,66.66666666666667,69.125,66.66666666666667,174,67,26,6500000
Hwang Hee Chan,77.5,79.14285714285714,ST,25.5,63.666666666666664,67.0,69.33333333333333,177,77,25,7500000
Denis Bouanga,0.0,74.57142857142857,ST,36.0,41.333333333333336,63.5,43.666666666666664,180,70,26,
Hwang Hee Chan,77.5,79.14285714285714,ST,25.5,63.666666666666664,67.0,69.33333333333333,177,77,25,7500000
Cesinha,75.0,75.0,ST,31.5,61.5,72.0,71.0,177,74,31,4700000
Gyrano Kerk,73.5,83.71428571428571,ST,32.0,62.833333333333336,61.125,64.33333333333333,184,82,25,
Habib Diallo,72.5,73.57142857142857,ST,15.0,58.333333333333336,67.625,52.666666666666664,186,79,26,7500000
Walter Bou,75.0,77.57142857142857,ST,40.5,71.16666666666667,71.25,66.66666666666667,174,74,28,6000000
François Kamano,76.5,72.28571428571429,ST,36.0,62.166666666666664,67.875,65.0,175,74,25,7500000
Vedat Muriqi,71.5,60.42857142857143,ST,24.0,63.166666666666664,66.25,49.0,194,86,27,6500000
Enes Ünal,76.5,73.0,ST,33.5,63.166666666666664,73.75,59.0,187,78,24,9000000
Mariano,70.5,77.57142857142857,ST,40.5,67.5,76.5,55.666666666666664,180,76,28,6000000
Wu Lei,75.5,78.57142857142857,ST,38.0,65.16666666666667,69.375,67.66666666666667,174,66,29,5500000
Uroš Đurđević,68.5,78.85714285714286,ST,25.5,68.66666666666667,70.5,50.666666666666664,182,80,27,6500000
Sebastián Driussi,74.0,76.57142857142857,ST,22.5,59.333333333333336,65.875,72.33333333333333,179,79,25,8000000
Enner Valencia,72.0,83.0,ST,45.0,62.666666666666664,61.75,65.0,177,74,31,4800000
Carlos Júnior,77.5,76.85714285714286,ST,48.5,55.666666666666664,65.375,65.66666666666667,172,69,26,6500000
Giovanni Simeone,74.5,74.71428571428571,ST,36.5,64.0,71.0,54.333333333333336,181,81,26,7500000
Gonçalo Paciência,76.5,69.85714285714286,ST,25.5,71.5,71.25,49.666666666666664,184,79,27,6500000
Lucas Janson,78.0,80.71428571428571,ST,31.5,62.833333333333336,66.25,67.33333333333333,169,67,27,6000000
Julio Furch,71.5,30.0,ST,32.0,53.833333333333336,59.125,59.0,188,88,32,
Darío Benedetto,74.0,75.0,ST,35.0,67.33333333333333,72.625,64.33333333333333,177,75,31,4800000
Federico Di Francesco,82.5,70.14285714285714,ST,41.0,60.666666666666664,67.375,73.66666666666667,171,75,27,6000000
Florian Niederlechner,73.5,72.0,ST,31.0,68.5,68.75,60.666666666666664,187,86,30,5500000
André Hahn,72.0,73.71428571428571,ST,52.5,70.83333333333333,66.75,68.66666666666667,185,80,31,5500000
Sam Larsson,80.0,71.0,ST,35.5,64.33333333333333,67.5,70.66666666666667,180,70,28,5500000
Renaud Ripart,73.5,76.0,ST,64.5,71.0,70.375,68.0,181,73,28,6000000
Luciano Vietto,80.5,74.0,ST,46.5,65.33333333333333,71.875,72.66666666666667,173,61,27,6000000
Marko Livaja,78.5,72.71428571428571,ST,30.5,68.33333333333333,71.875,60.0,182,80,28,6000000
Leonardo Pavoletti,70.0,65.14285714285714,ST,32.5,62.666666666666664,65.75,45.666666666666664,188,85,32,4600000
Niclas Füllkrug,72.0,64.28571428571429,ST,35.5,63.166666666666664,74.25,59.333333333333336,189,83,28,6000000
Mohamed Elyounoussi,76.5,74.42857142857143,ST,57.5,66.33333333333333,70.875,70.66666666666667,178,70,27,6000000
Fabián Castillo,80.5,80.14285714285714,ST,44.0,64.66666666666667,69.25,61.666666666666664,174,74,29,5500000
Gianluca Caprari,80.0,71.14285714285714,ST,17.5,54.833333333333336,66.25,67.33333333333333,176,72,28,6000000
Nicola Sansone,80.0,71.57142857142857,ST,45.0,66.33333333333333,71.625,69.33333333333333,173,63,30,7500000
Mark Uth,76.5,71.57142857142857,ST,36.5,65.83333333333333,75.0,70.33333333333333,185,72,30,5500000
Manolo Gabbiadini,78.0,65.71428571428571,ST,22.5,61.833333333333336,75.375,68.66666666666667,181,75,29,5500000
Dani Rodríguez,74.0,73.71428571428571,ST,63.5,68.0,69.375,72.66666666666667,178,71,33,3500000
Samu Sáiz,39.0,41.0,ST,15.0,57.0,58.375,23.666666666666668,174,68,30,5500000
Juanmi,76.5,68.57142857142857,ST,26.5,62.833333333333336,68.75,68.66666666666667,172,69,28,5500000
Jordan Ayew,78.0,74.71428571428571,ST,44.5,66.83333333333333,73.625,68.0,182,81,30,5500000
Alexandr Kokorin,78.0,74.14285714285714,ST,39.5,67.16666666666667,72.125,69.0,184,83,30,5500000
Fidel Martínez,75.5,77.28571428571429,ST,22.5,63.0,68.5,64.66666666666667,179,74,31,4800000
Ulises Dávila,77.0,76.71428571428571,ST,42.0,66.16666666666667,73.125,70.66666666666667,172,65,30,5500000
Júnior Negão,73.0,57.42857142857143,ST,33.5,59.0,69.5,55.0,187,75,34,2700000
Ashley Barnes,73.0,67.71428571428571,ST,44.5,71.66666666666667,72.125,68.0,186,84,31,4800000
Nikola Kalinić,74.5,63.285714285714285,ST,38.0,68.83333333333333,68.875,60.666666666666664,187,79,33,3600000
Joshua King,76.5,72.28571428571429,ST,36.0,67.0,71.5,66.33333333333333,184,82,29,5500000
Odion Ighalo,74.5,69.85714285714286,ST,41.0,65.83333333333333,71.625,63.666666666666664,183,73,32,4600000
Romain Alessandrini,77.5,75.28571428571429,ST,49.0,68.5,74.125,70.33333333333333,173,70,32,4600000
Christian Benteke,70.5,63.42857142857143,ST,26.5,63.666666666666664,73.0,58.333333333333336,190,83,30,5500000
Simon Terodde,68.0,63.42857142857143,ST,39.5,64.33333333333333,67.875,51.333333333333336,192,83,33,3600000
Nils Petersen,66.0,62.42857142857143,ST,37.5,67.0,71.125,57.0,188,82,32,4600000
Óscar Cardozo,67.5,48.42857142857143,ST,25.0,64.83333333333333,78.125,57.333333333333336,193,87,38,1900000
Stefano Okaka,73.5,64.85714285714286,ST,27.0,63.166666666666664,67.75,55.0,186,90,32,4800000
Marcus Berg,72.5,71.28571428571429,ST,33.0,64.66666666666667,68.875,59.666666666666664,184,74,35,2700000
Gonzalo Bergessio,67.5,56.857142857142854,ST,29.5,66.83333333333333,72.75,55.333333333333336,179,74,37,1900000
Ignacio Scocco,80.0,69.14285714285714,ST,34.0,68.83333333333333,76.25,70.0,176,71,36,1900000
Mauro Boselli,72.0,64.0,ST,37.0,64.0,70.0,62.666666666666664,185,75,36,1900000
Ryan Babel,78.5,74.71428571428571,ST,39.0,62.5,71.625,70.33333333333333,185,85,34,2600000
José Sand,71.0,57.42857142857143,ST,33.0,70.66666666666667,74.5,56.0,182,79,41,1900000
Lisandro López,74.5,66.57142857142857,ST,48.5,69.66666666666667,77.0,67.66666666666667,174,74,38,1900000
Luis Jiménez,77.0,64.71428571428571,ST,40.0,69.33333333333333,72.5,76.33333333333333,183,75,37,1800000
Tiago Tomás,75.0,40.285714285714285,ST,17.5,38.333333333333336,54.0,37.0,183,73,19,9000000
Christos Tzolis,75.5,75.57142857142857,ST,31.5,62.666666666666664,68.75,66.33333333333333,179,73,19,10000000
Terem Moffi,72.0,60.42857142857143,ST,20.5,43.5,65.375,51.333333333333336,188,82,22,9500000
Mostafa Mohamed,71.0,73.85714285714286,ST,32.0,60.666666666666664,68.75,55.333333333333336,185,78,23,8500000
Jonathan Dos Santos,69.5,75.42857142857143,ST,29.5,65.83333333333333,65.5,53.666666666666664,178,79,29,4200000
Giacomo Raspadori,78.0,70.0,ST,22.0,58.333333333333336,68.75,57.333333333333336,172,69,21,10500000
Alan Velasco,38.5,0.0,ST,22.5,31.5,24.75,0.0,167,63,19,
Beto,73.5,62.285714285714285,ST,18.5,60.0,66.5,53.0,194,88,23,8500000
Kodjo Fo-Doh Laba,67.0,77.85714285714286,ST,18.0,62.333333333333336,68.25,62.333333333333336,183,82,29,4200000
Barrenetxea,78.5,75.0,ST,22.0,54.666666666666664,60.0,63.0,175,74,19,9000000
Kyogo Furuhashi,74.0,78.28571428571429,ST,45.5,67.16666666666667,71.75,67.66666666666667,170,63,26,5500000
Kangin Lee,79.0,64.85714285714286,ST,24.5,63.5,74.25,72.66666666666667,173,68,20,9500000
Aitor Ruibal,77.5,67.28571428571429,ST,41.0,57.833333333333336,60.75,69.33333333333333,176,75,25,5500000
Timothy Weah,75.0,75.14285714285714,ST,42.5,64.66666666666667,64.875,65.33333333333333,183,66,21,8500000
Ignatius Ganago,75.5,76.28571428571429,ST,28.0,58.833333333333336,64.25,60.666666666666664,179,82,22,6500000
Georgios Giakoumakis,68.5,71.0,ST,25.5,60.5,67.75,43.0,185,84,26,5500000
Abel Ruiz,74.5,71.0,ST,41.5,58.5,66.125,57.333333333333336,182,73,21,9500000
Emmanuel Dennis,75.0,81.42857142857143,ST,41.5,58.0,64.75,63.0,175,66,23,6500000
Ermedin Demirović,72.5,68.85714285714286,ST,38.5,62.666666666666664,65.5,58.666666666666664,185,80,23,
Randal Kolo Muani,79.5,72.0,ST,26.0,54.333333333333336,65.375,57.333333333333336,187,73,22,9500000
Germán Berterame,73.5,43.42857142857143,ST,31.5,41.333333333333336,64.0,62.0,178,72,22,9500000
Eddie Nketiah,73.5,74.14285714285714,ST,20.5,58.666666666666664,63.375,51.333333333333336,175,72,22,8500000
Sam Lammers,77.5,72.57142857142857,ST,29.0,62.333333333333336,68.5,56.0,191,77,24,6000000
Jean-Philippe Mateta,73.5,67.71428571428571,ST,30.0,61.833333333333336,65.375,48.333333333333336,192,88,24,6500000
Mario González,74.5,71.14285714285714,ST,16.5,57.833333333333336,60.75,63.0,184,76,25,6500000
Christian Kouamé,78.0,76.14285714285714,ST,34.5,60.833333333333336,63.25,62.0,185,70,23,6500000
Fedor Chalov,75.0,71.85714285714286,ST,24.5,64.83333333333333,65.5,65.66666666666667,180,77,23,6500000
Alexis Vega,80.0,77.0,ST,31.5,61.0,67.5,71.33333333333333,173,77,23,9500000
Thomas Henry,68.0,63.714285714285715,ST,39.0,66.66666666666667,68.125,61.666666666666664,192,86,27,5000000
Landry Dimata,70.0,74.28571428571429,ST,39.0,64.0,65.75,65.0,185,81,24,6500000
Carlos González,67.5,60.42857142857143,ST,31.0,47.5,43.5,51.333333333333336,183,80,28,4300000
Cyle Larin,72.0,69.14285714285714,ST,19.5,60.666666666666664,63.125,54.666666666666664,188,90,26,5000000
Lucas Gamba,76.0,81.28571428571429,ST,25.5,57.5,68.0,67.0,170,70,34,2100000
Gianluca Scamacca,73.0,67.57142857142857,ST,31.5,57.0,71.75,45.333333333333336,195,85,22,9500000
Vincent Janssen,68.0,73.71428571428571,ST,41.0,67.16666666666667,66.375,57.666666666666664,184,79,27,4900000
Pere Milla,77.5,70.0,ST,35.0,58.333333333333336,67.375,67.66666666666667,184,72,29,4300000
Daniele Verde,77.5,69.57142857142857,ST,39.0,60.833333333333336,70.625,64.66666666666667,168,64,25,5500000
Kevin Lasagna,75.0,76.57142857142857,ST,23.0,59.5,66.0,58.666666666666664,186,80,29,4300000
Steve Mounié,71.0,69.0,ST,40.0,66.33333333333333,66.125,62.333333333333336,190,83,27,5000000
Vedat Muriqi,71.5,60.42857142857143,ST,24.0,63.166666666666664,66.25,49.0,194,86,27,6500000
Smail Prevljak,71.0,70.28571428571429,ST,20.5,62.5,69.25,60.666666666666664,187,80,26,5500000
Joelinton,74.5,73.85714285714286,ST,38.5,68.0,63.0,59.0,186,81,25,6000000
Juan Martín Lucero,70.0,75.85714285714286,ST,28.0,61.166666666666664,66.0,62.0,182,75,29,4200000
Everaldo,70.5,75.0,ST,41.0,62.0,68.0,63.0,181,80,30,4200000
Lucas Boyé,79.5,73.14285714285714,ST,44.0,67.66666666666667,64.875,60.0,183,79,25,6500000
Ezequiel Ponce,73.5,76.0,ST,34.5,58.166666666666664,69.125,58.0,180,80,24,6500000
Nicolás Orsini,68.0,77.85714285714286,ST,29.0,60.5,63.125,56.333333333333336,191,92,27,5000000
Mbaye Diagne,65.5,59.57142857142857,ST,23.0,59.666666666666664,70.875,54.0,191,86,29,4200000
Antonio Sanabria,75.0,73.71428571428571,ST,31.0,58.5,70.125,67.66666666666667,181,73,25,6500000
Ignacio Pussetto,78.0,72.14285714285714,ST,21.5,53.666666666666664,62.75,65.66666666666667,180,74,25,6000000
Simy,60.0,58.0,ST,24.0,63.166666666666664,67.5,41.666666666666664,198,84,29,4200000
Sargis Adamyan,77.0,75.28571428571429,ST,39.0,61.333333333333336,63.5,63.0,184,78,28,4200000
Khama Billiat,79.0,76.0,ST,43.5,65.66666666666667,70.375,69.33333333333333,170,60,31,4100000
Mbwana Ally Samatta,70.5,77.42857142857143,ST,30.0,61.5,69.375,63.333333333333336,183,80,28,4300000
Jean-David Beauguel,73.0,64.0,ST,24.0,62.5,66.625,48.666666666666664,196,98,29,4200000
Kieffer Moore,70.0,70.28571428571429,ST,43.0,63.5,66.875,57.0,196,83,29,4300000
Michael Rangel,69.0,67.57142857142857,ST,32.5,62.0,73.5,53.0,187,80,30,4100000
Opa Nguette,76.5,74.71428571428571,ST,41.5,61.666666666666664,62.75,66.66666666666667,182,76,27,4600000
Júlio Tavares,70.5,68.0,ST,25.5,65.83333333333333,67.875,51.666666666666664,188,82,32,3400000
Romell Quioto,70.5,78.85714285714286,ST,16.5,65.66666666666667,69.375,68.0,178,69,30,4200000
Derlis González,73.0,77.42857142857143,ST,52.5,61.333333333333336,63.5,70.0,175,75,27,4500000
Rubén Sobrino,74.0,69.42857142857143,ST,35.5,61.666666666666664,71.125,59.0,185,73,29,4200000
Robin Quaison,78.5,71.14285714285714,ST,39.0,67.5,68.625,67.66666666666667,183,77,28,4600000
Sebastian Andersson,71.0,64.14285714285714,ST,25.5,63.666666666666664,64.625,47.333333333333336,190,86,30,4200000
Serdar Dursun,75.0,65.42857142857143,ST,31.0,61.833333333333336,68.375,54.0,190,80,30,4200000
Jed Wallace,75.5,74.71428571428571,ST,47.0,64.33333333333333,65.875,69.33333333333333,178,70,27,4500000
Anthony Lozano,69.0,73.71428571428571,ST,36.5,62.5,64.5,60.666666666666664,185,74,28,4300000
Djaniny,77.5,77.71428571428571,ST,26.5,65.0,66.625,66.66666666666667,190,78,30,4100000
Stéphane Bahoken,36.5,53.57142857142857,ST,17.5,46.166666666666664,53.875,33.333333333333336,185,88,29,
Mauro Quiroga,69.5,71.28571428571429,ST,23.5,61.0,67.5,49.0,188,80,31,3600000
Camilo Sanvezzo,78.0,54.0,ST,29.5,60.0,75.625,66.33333333333333,170,70,33,3400000
Bryan Linssen,72.0,77.28571428571429,ST,40.0,67.83333333333333,71.75,66.66666666666667,170,64,31,4100000
Matěj Vydra,75.0,76.42857142857143,ST,34.0,62.5,71.5,66.33333333333333,180,71,29,4200000
Karim Ansarifard,70.5,72.85714285714286,ST,36.0,66.83333333333333,71.625,61.333333333333336,187,80,31,3600000
Ishak Belfodil,76.5,65.71428571428571,ST,34.5,65.83333333333333,71.75,66.33333333333333,192,86,29,4200000
Mattia Destro,73.0,67.71428571428571,ST,25.0,58.333333333333336,70.75,56.0,182,80,30,4100000
Cenk Tosun,72.5,70.14285714285714,ST,33.5,65.5,75.625,64.33333333333333,183,78,30,4100000
Romain Hamouma,0.0,67.42857142857143,ST,39.5,66.83333333333333,64.0,48.666666666666664,178,76,34,
Johnathan,73.0,79.57142857142857,ST,35.5,61.333333333333336,72.5,58.0,184,75,31,3600000
Fidel Martínez,75.5,77.28571428571429,ST,22.5,63.0,68.5,64.66666666666667,179,74,31,4800000
Diego Farías,77.5,72.42857142857143,ST,41.0,59.0,67.5,65.66666666666667,173,66,31,3500000
Bruno Fornaroli,76.0,79.57142857142857,ST,34.5,65.0,70.5,57.666666666666664,175,68,34,2700000
Fernandinho Silva,76.0,79.85714285714286,ST,55.5,61.833333333333336,68.375,66.0,173,74,35,1700000
Jay Rodriguez,73.5,69.42857142857143,ST,39.0,64.33333333333333,70.875,67.66666666666667,185,84,32,3600000
Marco Ruben,71.0,73.42857142857143,ST,38.0,67.5,69.375,61.333333333333336,178,75,34,2100000
Goran Pandev,82.0,57.42857142857143,ST,31.5,64.16666666666667,75.875,69.66666666666667,184,75,38,1400000
Abdallah Sima,69.5,77.14285714285714,ST,38.0,65.0,68.25,61.666666666666664,188,74,20,7500000
Evanilson,71.5,67.71428571428571,ST,21.0,51.666666666666664,68.0,54.333333333333336,183,80,22,7000000
Facundo Farías,0.0,12.571428571428571,ST,16.5,40.333333333333336,29.625,22.0,173,73,19,
Ercan Kara,62.5,69.14285714285714,ST,24.5,59.166666666666664,70.875,43.333333333333336,192,89,25,4100000
Arnaud Kalimuendo,73.5,72.85714285714286,ST,26.5,58.833333333333336,64.5,48.333333333333336,175,78,19,6500000
Fer Niño,68.5,68.71428571428571,ST,30.5,57.5,65.0,59.333333333333336,190,78,20,6500000
Brian Brobbey,68.0,79.42857142857143,ST,25.5,60.333333333333336,61.375,52.333333333333336,180,78,19,7500000
Randy Nteka,73.0,78.71428571428571,ST,53.0,69.66666666666667,65.875,64.33333333333333,189,75,23,7000000
Sekou Koita,74.0,84.42857142857143,ST,33.5,63.166666666666664,69.375,60.666666666666664,173,67,21,7000000
Florian Krüger,73.0,74.28571428571429,ST,18.5,58.5,60.0,52.333333333333336,186,81,22,7000000
Léandre Tawamba,70.5,68.0,ST,20.5,59.166666666666664,64.625,48.666666666666664,189,95,31,2600000
Sancet,77.5,64.14285714285714,ST,46.5,65.5,65.125,66.0,188,72,21,7000000
Braian Samudio,75.0,56.285714285714285,ST,33.5,18.5,55.75,42.0,180,79,25,
Fashion Sakala,73.0,81.14285714285714,ST,24.5,58.333333333333336,66.375,56.333333333333336,178,72,24,4700000
Enric Gallego,70.5,60.142857142857146,ST,19.5,61.0,66.625,51.0,190,79,35,1500000
Armand Laurienté,76.5,67.0,ST,32.5,57.5,70.125,67.66666666666667,171,59,22,6000000
Dani Gómez,74.0,70.71428571428571,ST,35.0,58.0,64.25,58.0,178,69,23,4900000
Chris Führich,72.5,74.28571428571429,ST,57.5,61.5,60.875,69.0,178,69,23,4800000
Mohamed Bayo,75.0,65.28571428571429,ST,21.5,58.0,68.625,55.333333333333336,188,76,23,6000000
M'Bala Nzola,69.5,74.71428571428571,ST,22.0,58.333333333333336,64.0,60.666666666666664,185,82,25,4000000
Eldor Shomurodov,72.0,72.57142857142857,ST,32.5,56.833333333333336,67.5,60.0,190,76,26,2500000
Masaya Okugawa,78.0,66.28571428571429,ST,37.0,58.166666666666664,63.25,68.66666666666667,177,62,25,4000000
Carlitos,73.0,76.42857142857143,ST,18.5,67.5,70.375,65.0,177,71,31,2000000
Ibrahima Niane,72.0,71.42857142857143,ST,13.5,51.833333333333336,66.75,52.666666666666664,187,73,22,7000000
Nahuel Bustos,74.0,77.14285714285714,ST,31.0,61.833333333333336,68.75,65.66666666666667,176,64,23,7000000
Patrick Cutrone,71.5,71.0,ST,28.0,59.0,65.875,52.0,183,79,23,4700000
Arnaud Nordin,38.0,27.571428571428573,ST,34.5,44.833333333333336,62.25,44.333333333333336,170,69,23,4600000
Irvin Cardona,73.5,71.57142857142857,ST,22.0,56.333333333333336,69.875,62.666666666666664,185,76,24,4400000
Ben Brereton Díaz,74.0,71.42857142857143,ST,39.0,64.0,63.375,61.333333333333336,188,75,22,6000000
Olowu Kobayashi,72.5,71.42857142857143,ST,24.0,60.833333333333336,68.375,66.0,177,72,34,1900000
Christian Bassogog,0.0,83.42857142857143,ST,39.0,37.666666666666664,58.75,20.0,173,72,26,
Rodolfo Pittaça,66.5,64.71428571428571,ST,40.0,69.16666666666667,70.125,70.0,179,77,21,3600000
Nuno Lisareda,73.0,71.42857142857143,ST,25.0,61.166666666666664,68.125,55.0,190,88,21,3600000
Dagoberto Esteiro,67.5,61.857142857142854,ST,21.0,53.0,64.75,49.666666666666664,178,75,25,3400000
Rodrigo Pinho,75.5,65.28571428571429,ST,21.0,56.833333333333336,70.5,54.666666666666664,185,78,30,3000000
Vangelis Pavlidis,72.0,76.85714285714286,ST,43.0,59.5,66.375,57.333333333333336,186,82,22,6000000
Karim Onisiwo,75.5,71.0,ST,48.0,69.16666666666667,64.125,65.66666666666667,188,86,29,3000000
Tyler Roberts,76.0,72.71428571428571,ST,35.0,63.666666666666664,62.625,67.33333333333333,180,75,22,6000000
Jean Evrard Kouassi,70.5,81.28571428571429,ST,27.5,61.333333333333336,62.75,54.333333333333336,180,88,27,3300000
Jacob Bruun Larsen,73.0,73.85714285714286,ST,55.0,67.33333333333333,64.625,68.66666666666667,183,77,23,6000000
Diego Valoyes,73.0,73.85714285714286,ST,51.0,65.5,65.125,66.66666666666667,181,76,25,4200000
Jordan Morris,72.0,80.71428571428571,ST,36.0,64.66666666666667,64.25,69.0,183,84,26,3300000
Karlan Grant,72.5,75.28571428571429,ST,31.5,55.666666666666664,68.5,58.333333333333336,182,70,24,3700000
Dominic Solanke,75.0,72.28571428571429,ST,23.0,61.333333333333336,65.25,61.0,187,80,24,4700000
Florin Andone,72.5,72.0,ST,49.5,71.5,68.75,60.0,180,78,28,3100000
Pedro Nuno,77.5,69.42857142857143,ST,33.5,67.66666666666667,75.0,75.0,174,64,26,4000000
Adam Buksa,69.5,69.14285714285714,ST,27.0,62.333333333333336,64.5,51.666666666666664,191,77,25,4200000
Juan Ferney Otero,73.5,81.85714285714286,ST,25.5,58.0,68.375,64.0,182,70,26,3600000
Karol Świderski,72.0,68.85714285714286,ST,26.0,63.5,65.375,59.666666666666664,184,78,24,4700000
Manu García,74.5,69.0,ST,37.5,60.666666666666664,69.25,70.0,169,66,23,7000000
Gustavo,67.5,71.0,ST,16.5,59.333333333333336,62.625,47.0,189,83,27,3600000
Joel Pohjanpalo,70.0,67.14285714285714,ST,22.5,58.166666666666664,67.875,56.0,186,83,27,3600000
Henrique Dourado,64.5,62.285714285714285,ST,29.0,67.16666666666667,68.25,61.333333333333336,186,80,32,2600000
Carlos Auzqui,71.5,79.85714285714286,ST,47.0,69.5,67.25,69.0,180,72,30,3000000
Tim Kleindienst,65.5,66.14285714285714,ST,29.0,59.333333333333336,65.5,51.666666666666664,194,85,26,4100000
Kasper Junker,0.0,54.285714285714285,ST,29.5,28.666666666666668,34.5,32.666666666666664,186,73,27,
Felipe Mora,71.0,75.28571428571429,ST,22.5,55.166666666666664,64.625,54.0,175,72,28,3300000
Gyasi Vita,68.5,78.71428571428571,ST,44.5,62.0,63.25,48.666666666666664,188,80,30,3000000
Avilés Hurtado,73.5,53.0,ST,45.5,62.666666666666664,68.25,66.66666666666667,172,67,34,1400000
Ivan Cavaleiro,75.0,75.0,ST,35.5,62.0,68.375,65.0,175,73,27,3200000
Gianluca Lapadula,73.0,72.0,ST,18.0,63.333333333333336,70.5,50.333333333333336,178,69,31,2600000
Lucas João,76.0,65.28571428571429,ST,21.5,58.0,63.25,57.333333333333336,193,80,28,3300000
Fran Sol,67.0,61.57142857142857,ST,31.0,59.666666666666664,71.125,50.333333333333336,182,79,29,3000000
Ahmed Hassan,70.0,62.285714285714285,ST,23.0,67.16666666666667,70.0,50.666666666666664,191,78,28,3100000
Lucas João,76.0,65.28571428571429,ST,21.5,58.0,63.25,57.333333333333336,193,80,28,3300000
Fran Sol,67.0,61.57142857142857,ST,31.0,59.666666666666664,71.125,50.333333333333336,182,79,29,3000000
Ahmed Hassan,70.0,62.285714285714285,ST,23.0,67.16666666666667,70.0,50.666666666666664,191,78,28,3100000
Branimir Hrgota,75.0,71.0,ST,25.0,56.833333333333336,69.125,60.666666666666664,185,76,28,3100000
Michael Frey,69.5,68.85714285714286,ST,34.0,67.33333333333333,66.375,61.333333333333336,190,86,27,3400000
Kacper Przybyłko,69.0,70.14285714285714,ST,23.5,60.833333333333336,64.25,54.666666666666664,193,88,28,3100000
Rafael Silva,75.5,74.0,ST,25.5,60.333333333333336,65.5,45.666666666666664,179,73,29,3000000
Callum Robinson,74.5,68.85714285714286,ST,31.5,60.0,64.625,62.333333333333336,178,75,26,4000000
Taxiarchis Fountas,71.5,82.14285714285714,ST,44.0,69.0,70.625,63.666666666666664,170,65,26,4000000
Jairo,72.5,75.71428571428571,ST,27.0,59.5,61.375,69.33333333333333,173,69,28,3200000
Dwight Gayle,72.0,72.57142857142857,ST,22.0,58.833333333333336,69.75,58.666666666666664,174,78,31,3000000
Sander van de Streek,72.5,71.85714285714286,ST,56.0,68.5,70.125,67.66666666666667,180,74,28,3100000
Lucas Andersen,75.0,70.42857142857143,ST,32.0,61.333333333333336,66.5,70.0,185,73,27,3300000
Simon Nemil,74.0,70.0,ST,42.0,61.166666666666664,68.5,63.0,179,70,30,3000000
Andreas Cornelius,67.0,67.0,ST,33.0,62.0,66.75,54.0,193,91,28,3100000
Christian Gytkjær,69.0,72.28571428571429,ST,29.0,63.833333333333336,68.0,52.333333333333336,185,77,31,2600000
Rafael Martins,69.0,68.85714285714286,ST,24.5,61.833333333333336,71.75,57.0,177,73,32,2500000
Nicolai Jørgensen,0.0,67.0,ST,37.5,53.0,33.5,21.333333333333332,190,83,30,
John Guidetti,72.5,61.285714285714285,ST,35.0,65.5,75.375,64.0,185,80,29,3000000
Roberto Inglese,70.5,59.57142857142857,ST,21.5,53.333333333333336,69.125,46.333333333333336,186,85,29,3000000
Sergio León,75.0,70.85714285714286,ST,37.0,64.16666666666667,71.875,62.666666666666664,178,73,32,2500000
Leandro Damião,73.5,57.714285714285715,ST,31.5,62.666666666666664,74.125,56.333333333333336,188,90,32,2600000
Marvin Ducksch,68.0,69.42857142857143,ST,31.0,58.5,72.5,59.333333333333336,188,79,27,3300000
Alfreð Finnbogason,73.0,60.714285714285715,ST,31.0,65.16666666666667,70.625,58.0,184,80,32,2500000
Borja Bastón,68.5,56.57142857142857,ST,38.0,61.5,70.75,58.333333333333336,188,82,29,3100000
Andre Gray,69.5,75.85714285714286,ST,25.0,65.0,65.25,59.666666666666664,180,78,30,3000000
Villalibre,69.0,75.28571428571429,ST,36.5,59.833333333333336,65.625,53.0,184,87,24,6000000
Alan Pulido,73.0,74.57142857142857,ST,34.5,63.5,68.375,64.33333333333333,177,83,30,3000000
Fabian Klos,63.0,62.42857142857143,ST,38.5,67.83333333333333,68.75,58.333333333333336,194,93,33,1900000
Gaëtan Charbonnier,76.5,50.0,ST,36.5,64.33333333333333,53.25,63.333333333333336,188,80,32,2500000
Danny Welbeck,72.0,67.57142857142857,ST,40.5,66.0,68.5,66.33333333333333,185,73,30,3000000
Gianni Bruno,73.0,72.71428571428571,ST,37.0,62.666666666666664,70.0,65.33333333333333,180,73,30,3000000
Troy Deeney,71.0,64.14285714285714,ST,34.0,69.83333333333333,73.75,62.0,183,90,33,2700000
Anthony Modeste,69.5,68.42857142857143,ST,36.5,62.5,71.875,61.333333333333336,187,84,33,1900000
David McGoldrick,76.5,69.85714285714286,ST,31.5,63.666666666666664,70.75,69.0,183,74,33,1900000
Alexandre Pato,73.5,72.57142857142857,ST,29.0,62.333333333333336,72.5,65.33333333333333,175,72,32,2600000
Ola Kamara,69.5,76.42857142857143,ST,29.5,39.666666666666664,59.625,34.0,184,81,31,
Loïc Rémy,70.5,67.85714285714286,ST,29.5,66.5,70.25,62.666666666666664,185,82,34,1500000
Ola Toivonen,74.0,57.42857142857143,ST,34.0,69.5,75.0,73.66666666666667,192,78,35,1400000
Adem Büyük,73.5,76.57142857142857,ST,20.0,66.66666666666667,69.75,69.0,177,78,34,1900000
Lukas Podolski,75.0,64.71428571428571,ST,32.5,66.5,78.125,74.0,183,88,36,1000000
Maximiliano Rodríguez,75.5,64.71428571428571,ST,43.5,71.66666666666667,72.625,75.0,173,74,40,1000000
Gonçalo Ramos,35.0,22.571428571428573,ST,30.0,63.166666666666664,63.25,64.0,184,79,20,5500000
Kamaldeen Sulemana,74.0,81.85714285714286,ST,27.5,57.0,58.25,57.0,174,69,19,5500000
Marcos Paulo,73.5,61.857142857142854,ST,43.0,56.5,58.5,71.66666666666667,186,75,20,5500000
Federico Viñas,68.5,74.71428571428571,ST,18.0,60.833333333333336,65.875,49.666666666666664,180,88,23,
Gastón Rodríguez,77.5,68.14285714285714,ST,40.0,60.666666666666664,54.875,65.0,187,76,29,2300000
Karim Adeyemi,76.0,81.85714285714286,ST,18.5,57.333333333333336,68.25,65.33333333333333,177,69,19,5500000
Meschack Elia,76.0,81.57142857142857,ST,24.0,60.5,60.75,63.666666666666664,173,67,24,3600000
Samir Nurković,67.5,64.14285714285714,ST,21.0,59.833333333333336,70.625,50.333333333333336,187,80,29,2300000
Lassina Traoré,69.5,75.57142857142857,ST,22.0,60.833333333333336,62.25,52.666666666666664,182,90,20,5000000
Sebastián Ferreira,73.0,68.42857142857143,ST,23.0,56.833333333333336,67.375,53.0,180,78,23,5000000
Jonathan Burkardt,77.0,74.42857142857143,ST,34.5,61.833333333333336,59.75,61.666666666666664,181,76,21,5000000
Hugo Duro,74.5,60.57142857142857,ST,0.0,21.5,38.25,0.0,180,76,21,4200000
Bryan Mbeumo,72.5,75.71428571428571,ST,37.5,61.0,68.625,68.33333333333333,171,75,22,5500000
Klauss,68.5,66.42857142857143,ST,32.0,64.33333333333333,67.375,62.333333333333336,190,84,24,3600000
Noah Okafor,74.5,78.42857142857143,ST,32.5,52.833333333333336,62.625,65.66666666666667,185,85,21,5500000
Douglas,72.5,67.14285714285714,ST,27.5,54.833333333333336,66.75,46.0,184,74,33,1500000
Jonas Wind,73.5,71.85714285714286,ST,32.0,64.66666666666667,68.625,64.0,190,82,22,4800000
Leonardo Heredia,76.0,64.42857142857143,ST,31.5,61.333333333333336,63.75,67.33333333333333,185,79,25,3100000
Klauss,68.5,66.42857142857143,ST,32.0,64.33333333333333,67.375,62.333333333333336,190,84,24,3600000
Noah Okafor,74.5,78.42857142857143,ST,32.5,52.833333333333336,62.625,65.66666666666667,185,85,21,5500000
Douglas,72.5,67.14285714285714,ST,27.5,54.833333333333336,66.75,46.0,184,74,33,1500000
Jonas Wind,73.5,71.85714285714286,ST,32.0,64.66666666666667,68.625,64.0,190,82,22,4800000
Leonardo Heredia,76.0,64.42857142857143,ST,31.5,61.333333333333336,63.75,67.33333333333333,185,79,25,3100000
Juan Manuel García,66.0,74.0,ST,31.5,59.833333333333336,63.5,47.666666666666664,181,82,28,2400000
Lukáš Juliš,0.0,61.857142857142854,ST,25.0,48.166666666666664,53.125,60.333333333333336,186,86,26,
Carlitos,73.0,76.42857142857143,ST,18.5,67.5,70.375,65.0,177,71,31,2000000
Dennis Srbeny,0.0,66.42857142857143,ST,28.5,50.5,61.0,54.333333333333336,190,83,27,
Florinel Coman,71.5,76.14285714285714,ST,36.5,61.166666666666664,66.125,67.66666666666667,182,72,23,5000000
Valentin Castellanos,71.0,70.0,ST,32.0,65.16666666666667,61.0,64.33333333333333,178,74,23,3600000
Marc Cardona,72.5,67.0,ST,22.5,57.666666666666664,65.875,59.333333333333336,183,70,26,3000000
Nicolás Ibáñez,70.0,74.42857142857143,ST,33.5,57.833333333333336,64.0,53.0,178,80,27,2800000
Giorgi Kvilitaia,73.5,62.714285714285715,ST,33.0,60.666666666666664,64.5,57.666666666666664,193,82,28,2500000
Josh Maja,74.0,67.57142857142857,ST,27.5,56.333333333333336,63.625,60.0,181,77,22,3800000
Maximiliano Lovera,79.0,79.85714285714286,ST,29.5,55.666666666666664,56.75,61.333333333333336,170,65,22,3800000
Ivanovski Méïté,61.0,79.14285714285714,ST,50.0,64.83333333333333,70.0,55.333333333333336,185,82,25,3300000
Tarik Tissoudali,75.5,74.28571428571429,ST,23.5,57.5,66.875,63.333333333333336,182,74,28,2400000
Nuno Pina Suzuki,68.0,71.57142857142857,ST,44.0,66.33333333333333,66.125,65.66666666666667,182,75,25,3300000
Cristian Tarragona,67.5,81.42857142857143,ST,41.0,66.66666666666667,62.375,50.0,180,77,30,2300000
Janni Serra,65.5,60.57142857142857,ST,36.5,56.5,61.75,47.666666666666664,193,87,23,3600000
Simon Banza,71.0,70.0,ST,30.5,59.333333333333336,62.875,43.666666666666664,189,77,25,3200000
Moussa Koné,73.0,79.0,ST,30.0,60.333333333333336,59.125,56.0,175,68,24,3400000
Emre Mor,79.0,72.14285714285714,ST,29.0,60.0,59.0,61.0,169,60,24,3700000
Christian Bassogog,0.0,83.42857142857143,ST,39.0,37.666666666666664,58.75,20.0,173,72,26,
Casimir Ninga,70.5,77.42857142857143,ST,23.0,59.333333333333336,67.5,63.0,186,81,28,2400000
Leandro Vivenço,76.0,73.14285714285714,ST,27.5,56.166666666666664,73.875,57.666666666666664,174,69,21,2800000
Jadson Vidigal,61.5,70.42857142857143,ST,14.0,59.0,70.375,56.666666666666664,175,70,29,2300000
Gérson Noalha,76.0,72.71428571428571,ST,29.0,56.833333333333336,75.125,55.0,178,76,29,2300000
Hélton Celanova,68.0,63.57142857142857,ST,15.5,58.666666666666664,71.875,55.333333333333336,180,92,29,2300000
Gustavo Lobateiro,71.0,68.28571428571429,ST,28.0,61.0,57.5,68.33333333333333,180,76,21,2800000
Benjamin Tetteh,72.5,71.0,ST,18.5,57.833333333333336,57.625,52.0,193,91,24,3600000
Sergi Guardiola,72.5,64.28571428571429,ST,25.5,60.833333333333336,67.25,54.333333333333336,184,78,30,2300000
Stanislav Iljutcenko,66.5,63.0,ST,32.5,59.333333333333336,59.0,51.0,187,82,31,2300000
Katránis Mutō,75.5,72.71428571428571,ST,38.0,63.0,65.875,64.0,178,72,29,2400000
Ricardo Lopes,73.0,75.57142857142857,ST,39.0,63.5,68.5,65.66666666666667,184,77,30,2300000
Christopher Ikonomidis,74.5,73.28571428571429,ST,50.5,61.666666666666664,63.875,66.66666666666667,178,75,26,2800000
Jordan Siebatcheu,71.5,70.42857142857143,ST,22.5,58.5,65.125,57.333333333333336,190,87,25,3300000
Henk Veerman,61.5,63.42857142857143,ST,24.0,60.333333333333336,58.75,45.333333333333336,201,90,30,2300000
Sabin Merino,71.5,52.714285714285715,ST,49.0,65.66666666666667,70.875,63.333333333333336,187,74,29,2300000
Ángel González,72.0,74.42857142857143,ST,49.0,65.66666666666667,55.375,64.66666666666667,169,70,27,2500000
Karlan Grant,72.5,75.28571428571429,ST,31.5,55.666666666666664,68.5,58.333333333333336,182,70,24,3700000
Serginho,72.5,68.85714285714286,ST,41.0,62.0,71.5,70.33333333333333,189,85,27,2500000
Joel Tagueu,71.0,72.28571428571429,ST,21.5,60.166666666666664,64.125,58.333333333333336,178,70,27,2700000
Mamadou Sylla,71.5,74.85714285714286,ST,31.5,62.166666666666664,65.25,56.0,184,84,27,2700000
Leonardo Mancuso,72.5,76.42857142857143,ST,31.0,61.833333333333336,64.75,61.0,182,77,29,2300000
Stefan Mugoša,69.5,68.28571428571429,ST,19.0,58.166666666666664,67.375,45.333333333333336,188,81,29,2300000
Javier Correa,72.5,69.28571428571429,ST,25.0,60.0,58.875,49.333333333333336,184,86,28,3100000
Florin Tănase,70.5,69.14285714285714,ST,43.5,67.16666666666667,70.5,71.0,185,71,26,2600000
Cristian Ortiz,71.0,66.42857142857143,ST,38.0,67.5,61.125,63.666666666666664,169,70,29,2400000
Ömer Ali Şahiner,71.5,78.28571428571429,ST,63.5,69.16666666666667,67.25,68.33333333333333,175,70,29,2300000
Enzo Crivelli,69.0,68.0,ST,34.0,65.33333333333333,66.0,60.666666666666664,184,84,26,2900000
Nahuel Leiva,70.5,69.14285714285714,ST,23.5,60.0,65.75,66.0,176,70,24,3700000
Juan José Narváez,74.5,63.714285714285715,ST,52.0,61.5,66.25,67.66666666666667,180,76,26,3100000
Antonio Čolak,67.5,69.42857142857143,ST,31.5,51.0,46.375,50.666666666666664,188,81,28,2500000
Gennaro Tutino,75.5,72.85714285714286,ST,34.0,59.0,71.375,70.0,177,76,25,3600000
Mattia Aramu,74.5,69.14285714285714,ST,54.0,63.666666666666664,64.5,68.66666666666667,180,69,26,2800000
Sandro,77.5,66.28571428571429,ST,25.0,61.0,73.875,64.0,175,71,26,3100000
Deon Hotto,69.0,77.0,ST,25.0,58.5,67.625,75.0,170,65,30,2300000
Erik,73.5,77.28571428571429,ST,19.0,52.0,64.5,65.0,170,70,27,2800000
Sandro,77.5,66.28571428571429,ST,25.0,61.0,73.875,64.0,175,71,26,3100000
Deon Hotto,69.0,77.0,ST,25.0,58.5,67.625,75.0,170,65,30,2300000
Erik,73.5,77.28571428571429,ST,19.0,52.0,64.5,65.0,170,70,27,2800000
Rémy Dugimont,71.5,73.0,ST,37.5,63.666666666666664,72.0,70.66666666666667,182,75,35,950000
Carlos Strandberg,66.0,70.85714285714286,ST,24.5,56.166666666666664,60.75,51.666666666666664,187,90,25,3100000
Emilio Noslin,63.0,72.28571428571429,ST,27.5,62.166666666666664,67.25,55.666666666666664,186,75,34,1500000
Mikael Uhre,68.0,77.71428571428571,ST,34.5,57.666666666666664,58.75,46.0,188,86,27,
Alan Ruiz,76.0,62.42857142857143,ST,31.0,62.0,71.375,73.33333333333333,183,77,28,2500000
Lucas Cavallini,69.5,74.42857142857143,ST,38.5,62.0,66.375,44.0,182,89,28,2400000
Adis Jahović,67.0,63.0,ST,33.0,59.0,66.125,47.666666666666664,191,86,34,1100000
Robert Berić,67.5,64.0,ST,34.0,66.16666666666667,68.5,61.666666666666664,188,82,30,2300000
Andreas Voglsammer,69.5,75.71428571428571,ST,36.5,66.0,71.375,61.666666666666664,178,81,29,2300000
Álex Gallar,72.5,71.57142857142857,ST,47.0,55.666666666666664,68.5,68.0,176,71,29,2300000
Luiz Phellype,70.5,61.285714285714285,ST,22.5,64.83333333333333,73.375,57.333333333333336,188,83,28,2500000
Siebe Schrijvers,73.0,69.71428571428571,ST,48.5,70.33333333333333,70.75,70.66666666666667,180,67,25,3400000
Aitor García,70.5,77.42857142857143,ST,40.0,58.0,64.75,66.0,173,72,27,2500000
Cristiano,70.0,72.57142857142857,ST,50.0,67.83333333333333,70.125,67.66666666666667,183,83,34,1100000
Jakub Świerczok,71.0,73.42857142857143,ST,20.5,60.333333333333336,65.125,45.666666666666664,179,75,28,2400000
Philipp Hofmann,63.5,55.857142857142854,ST,32.0,62.666666666666664,62.875,45.666666666666664,195,89,28,2400000
Franck Boli,70.0,76.14285714285714,ST,25.0,55.0,60.75,45.0,180,77,28,2500000
Michael Krmenčík,70.0,64.28571428571429,ST,21.0,62.0,66.875,55.333333333333336,190,85,28,2400000
Diego Oliveira,73.5,70.85714285714286,ST,31.0,66.0,68.0,70.66666666666667,179,80,31,2000000
Strefezza Touzghar,71.0,75.0,ST,19.0,58.0,66.75,58.333333333333336,179,75,34,1100000
Ahmed Musa,71.5,80.14285714285714,ST,28.0,53.666666666666664,62.375,62.666666666666664,171,66,28,2400000
Benito Raman,73.0,80.42857142857143,ST,29.0,64.0,69.5,63.666666666666664,172,67,26,2900000
Daniel Royer,74.5,80.0,ST,49.0,65.33333333333333,69.25,64.33333333333333,177,73,31,1900000
Michael Gregoritsch,72.0,59.0,ST,38.0,63.166666666666664,74.0,69.66666666666667,193,91,27,2500000
Sebá,71.5,76.28571428571429,ST,45.0,67.66666666666667,67.75,65.33333333333333,182,73,29,2300000
Pablo Chavarría,73.5,73.14285714285714,ST,30.5,64.0,66.25,67.0,185,80,33,1500000
Ilja Nestorovski,70.0,71.0,ST,34.0,59.166666666666664,68.875,50.0,182,75,31,2000000
Caio,75.0,74.42857142857143,ST,24.0,61.666666666666664,70.375,64.0,179,70,31,2300000
Pascal Testroet,66.5,70.14285714285714,ST,36.0,62.0,67.75,54.0,186,86,31,2300000
Charlie Austin,68.0,59.285714285714285,ST,28.5,66.5,69.5,54.666666666666664,188,84,32,2000000
Roy Krishna,70.5,84.71428571428571,ST,45.5,67.83333333333333,68.125,64.66666666666667,169,70,34,1500000
Alberto Quintero,74.5,73.0,ST,15.5,57.833333333333336,59.375,65.0,165,62,33,1500000
Guido Burgstaller,69.5,67.14285714285714,ST,37.0,69.0,66.625,66.66666666666667,187,80,32,1900000
Milton Caraglio,70.5,59.142857142857146,ST,20.0,61.0,69.5,61.333333333333336,187,92,32,1900000
Patrick Mortensen,68.0,60.57142857142857,ST,29.0,62.5,62.5,48.666666666666664,190,78,32,2000000
Fredy Montero,73.0,70.14285714285714,ST,42.0,64.83333333333333,76.0,67.33333333333333,175,74,34,1500000
Håvard Nielsen,72.5,73.42857142857143,ST,39.5,65.83333333333333,62.875,66.0,187,82,28,2500000
Bengali-Fodé Koita,71.5,72.42857142857143,ST,13.5,50.166666666666664,61.875,60.333333333333336,186,86,30,2300000
Junior Hoilett,72.5,74.0,ST,31.5,64.16666666666667,67.0,66.0,173,70,31,1900000
Fredrik Gulbrandsen,73.0,83.57142857142857,ST,34.0,61.666666666666664,65.375,60.0,175,79,29,2400000
Franco Di Santo,71.0,48.57142857142857,ST,42.5,66.66666666666667,69.0,41.0,193,88,32,1900000
Federico Macheda,72.5,68.28571428571429,ST,24.5,58.666666666666664,68.875,50.666666666666664,185,77,30,2300000
Massimo Coda,70.0,61.714285714285715,ST,17.5,57.0,70.625,45.333333333333336,184,73,32,1900000
Mario Gavranović,71.0,71.28571428571429,ST,32.0,60.833333333333336,68.625,57.0,175,76,31,2000000
Rouwen Hennings,66.0,66.28571428571429,ST,36.5,64.0,74.625,60.0,180,80,34,1500000
Adrián Ramos,67.5,72.0,ST,38.5,66.33333333333333,68.75,63.333333333333336,186,78,35,1000000
Shane Long,72.5,74.0,ST,29.0,67.0,63.875,61.666666666666664,178,70,34,1100000
Claudiu Keșerü,69.0,62.714285714285715,ST,37.0,64.16666666666667,72.875,63.666666666666664,179,80,34,1100000
Billy Sharp,64.5,61.0,ST,36.5,68.66666666666667,70.0,60.0,175,70,35,1000000
Darío Cvitanich,72.0,65.71428571428571,ST,32.5,68.16666666666667,64.75,65.0,177,70,37,800000
Jimmy Briand,71.0,65.85714285714286,ST,44.0,68.16666666666667,70.125,70.66666666666667,181,84,36,1000000
Milutin Osmajić,65.5,70.0,ST,36.5,60.166666666666664,63.625,61.333333333333336,185,76,22,4200000
Fábio,68.0,73.85714285714286,ST,43.0,62.833333333333336,58.75,37.666666666666664,193,81,24,2900000
Agustín Álvarez Martínez,66.0,73.14285714285714,ST,27.5,58.166666666666664,68.125,56.333333333333336,180,75,20,4100000
Amine Adli,74.5,69.28571428571429,ST,34.5,54.166666666666664,65.875,63.333333333333336,174,60,21,4600000
Aquiles Ocanto,72.5,70.85714285714286,ST,24.0,54.0,60.0,65.66666666666667,182,80,32,1500000
Shamar Nicholson,67.0,65.71428571428571,ST,20.0,58.166666666666664,65.625,56.0,192,83,24,2900000
João Pedro,74.0,68.71428571428571,ST,18.0,53.333333333333336,62.25,58.0,182,70,20,4500000
Dejan Joveljić,71.5,72.57142857142857,ST,26.5,61.0,64.75,62.0,181,75,22,4200000
Ezequiel Bullaude,76.0,70.85714285714286,ST,31.0,54.666666666666664,60.25,60.666666666666664,184,80,20,3700000
Vladyslav Supriaha,71.5,68.71428571428571,ST,14.0,49.5,59.375,47.666666666666664,182,75,21,4200000
Andrey Estupiñán,71.5,75.14285714285714,ST,43.5,57.833333333333336,34.625,64.0,175,72,27,2000000
Santiago Giménez,66.0,69.71428571428571,ST,37.0,60.0,62.75,58.333333333333336,182,69,20,4500000
Petar Musa,71.5,56.57142857142857,ST,30.5,61.333333333333336,67.875,56.0,190,81,23,3800000
Kevin Behrens,64.0,75.0,ST,23.5,60.333333333333336,62.25,48.333333333333336,184,84,30,1800000
Marius Bülter,72.0,70.14285714285714,ST,46.0,61.166666666666664,64.0,66.33333333333333,188,85,28,1900000
Deniz Undav,0.0,60.0,ST,31.0,3.0,35.875,0.0,178,86,25,
Daniel-Kofi Kyereh,74.0,79.71428571428571,ST,17.5,53.333333333333336,57.875,61.333333333333336,179,73,25,2800000
Loïs Openda,69.5,82.57142857142857,ST,24.0,58.666666666666664,58.0,62.333333333333336,174,78,21,4200000
Hugo Duro,74.5,60.57142857142857,ST,0.0,21.5,38.25,0.0,180,76,21,4200000
Josh Sargent,70.5,72.28571428571429,ST,38.0,64.16666666666667,64.75,59.666666666666664,185,79,21,4200000
Augusto Lotti,72.5,69.28571428571429,ST,21.0,54.0,60.875,51.333333333333336,179,70,25,2800000
Vagner,75.0,76.85714285714286,ST,27.5,54.833333333333336,65.5,58.666666666666664,169,67,25,2800000
Carlos Garcés,63.5,73.14285714285714,ST,27.0,53.5,63.625,49.0,185,85,31,1600000
Angel Gomes,72.5,71.71428571428571,ST,38.5,61.5,67.375,68.0,168,56,21,4100000
Brenner,74.5,69.14285714285714,ST,21.0,55.5,64.125,59.333333333333336,175,70,21,4200000
Eldor Shomurodov,72.0,72.57142857142857,ST,32.5,56.833333333333336,67.5,60.0,190,76,26,2500000
Kaveh Rezaei,67.0,68.42857142857143,ST,25.5,60.5,72.125,62.333333333333336,185,79,29,1900000
Dennis Srbeny,0.0,66.42857142857143,ST,28.5,50.5,61.0,54.333333333333336,190,83,27,
Albert Guðmundsson,78.0,72.42857142857143,ST,32.0,59.166666666666664,62.5,64.66666666666667,178,78,24,3000000
Lebo Mothiba,71.0,68.57142857142857,ST,23.5,60.0,66.25,57.666666666666664,182,76,25,2800000
Gustavo Blanco Leschuk,66.5,68.85714285714286,ST,32.0,60.833333333333336,61.375,49.666666666666664,190,88,29,1900000
Jeremy Ebobisse,67.5,80.71428571428571,ST,29.5,62.0,61.125,63.333333333333336,183,79,24,2700000
Pierre-Yves Hamel,68.0,66.71428571428571,ST,21.0,53.833333333333336,61.5,57.333333333333336,189,76,27,2200000
Johannes Eggestein,74.5,70.42857142857143,ST,34.0,59.5,64.75,68.33333333333333,183,75,23,3000000
Myziane Maolida,75.0,71.14285714285714,ST,19.0,56.166666666666664,62.0,61.0,182,78,22,2900000
Rômulo Calsede,67.5,71.85714285714286,ST,27.0,58.166666666666664,67.5,59.0,181,78,21,2200000
Felipe Vizeu,68.5,68.71428571428571,ST,22.0,58.5,65.875,52.333333333333336,184,82,24,2700000
Jon Bautista,70.0,57.714285714285715,ST,23.5,53.166666666666664,69.875,57.0,180,72,26,2500000
Cedric Itten,67.5,69.71428571428571,ST,31.5,58.333333333333336,62.875,62.333333333333336,189,81,24,3000000
Franco Troyansky,71.5,75.57142857142857,ST,30.0,64.33333333333333,67.25,68.66666666666667,178,77,24,2900000
Iké Ugbo,68.0,71.57142857142857,ST,25.5,60.833333333333336,61.375,53.666666666666664,185,73,23,3800000
Guilherme Parede,71.0,68.42857142857143,ST,46.0,66.0,64.5,66.33333333333333,176,74,26,2200000
Ivan Šaponjić,66.5,64.85714285714286,ST,25.5,55.5,62.875,45.333333333333336,190,88,24,3800000
Michael Santos,70.5,75.85714285714286,ST,38.5,64.33333333333333,67.5,60.333333333333336,176,73,28,1900000
Rey Manaj,71.5,68.42857142857143,ST,28.0,54.0,64.625,52.333333333333336,182,76,24,3800000
Rafanilton Vilela,74.0,73.28571428571429,ST,13.0,57.833333333333336,64.0,60.333333333333336,180,71,33,1200000
Paulão Junqueiras,65.0,47.285714285714285,ST,22.0,58.166666666666664,69.375,44.666666666666664,193,96,21,2200000
Gus Outomouro,72.0,71.28571428571429,ST,24.5,59.666666666666664,68.125,65.66666666666667,175,73,25,2100000
Josué da Feira,72.5,67.57142857142857,ST,25.5,56.333333333333336,69.875,62.0,177,71,29,1900000
Walter Silvieiro,65.0,67.0,ST,26.5,62.5,71.75,58.666666666666664,179,70,29,1900000
Thiago Alminxa,74.5,70.71428571428571,ST,18.0,58.666666666666664,64.25,63.0,182,71,29,1900000
Carleto Costinha,72.5,70.85714285714286,ST,35.5,60.5,63.625,70.0,175,69,29,1800000
Moon Seon Min,69.0,82.71428571428571,ST,36.0,55.5,57.75,62.333333333333336,172,68,29,1800000
Talisca Rahmani,76.0,65.42857142857143,ST,29.0,56.833333333333336,62.0,64.66666666666667,178,72,26,2200000
Jhonder Cádiz,70.5,63.285714285714285,ST,28.0,61.666666666666664,59.5,51.333333333333336,191,85,26,2500000
Thiago Santana,69.5,70.0,ST,20.0,59.166666666666664,67.25,54.666666666666664,184,79,28,1900000
Kerim Mrabti,69.0,78.85714285714286,ST,50.5,67.5,66.75,66.33333333333333,175,75,27,2200000
Samuel Adegbenro,73.5,85.28571428571429,ST,41.5,60.666666666666664,63.75,57.333333333333336,178,75,25,2300000
Franco Soldano,69.5,73.42857142857143,ST,43.5,64.16666666666667,62.5,46.0,180,76,27,2200000
Sergio Santos,73.5,77.71428571428571,ST,24.0,52.833333333333336,56.25,54.666666666666664,180,77,27,2200000
Gabriel Ávalos,69.5,70.85714285714286,ST,34.0,56.666666666666664,58.0,44.0,189,88,31,1800000
Chris Willock,75.0,72.28571428571429,ST,28.0,53.833333333333336,49.875,59.666666666666664,178,67,23,3000000
Kevin Nisbet,67.0,73.0,ST,32.0,65.33333333333333,67.875,59.333333333333336,180,77,24,2700000
Nicolás Fernández,72.0,78.57142857142857,ST,26.0,61.5,63.875,58.0,165,66,25,2800000
Jesús Imaz,70.5,77.85714285714286,ST,27.5,55.666666666666664,64.5,67.66666666666667,179,70,31,1800000
Leonardo Ramos,66.5,70.0,ST,30.5,60.333333333333336,68.5,50.0,185,84,32,1600000
Andreas Gruber,69.0,77.57142857142857,ST,32.0,62.333333333333336,69.25,67.0,174,70,26,2400000
Octavio Rivero,69.5,70.57142857142857,ST,19.5,58.833333333333336,59.625,48.0,185,83,29,1900000
Oğulcan Çağlayan,73.5,74.71428571428571,ST,26.5,55.5,64.125,66.66666666666667,188,78,25,2400000
Mauro Manotas,69.5,70.28571428571429,ST,30.0,61.666666666666664,61.125,58.333333333333336,178,69,26,2500000
Albian Ajeti,69.0,74.57142857142857,ST,28.5,60.666666666666664,62.375,59.333333333333336,183,78,24,2900000
Cyriel Dessers,65.5,72.57142857142857,ST,29.0,56.166666666666664,62.75,52.666666666666664,184,83,26,2400000
Fernando Karanga,64.5,64.71428571428571,ST,27.5,57.166666666666664,64.625,49.666666666666664,191,77,30,1800000
Dawid Kownacki,70.5,72.0,ST,24.0,63.666666666666664,62.625,60.0,186,75,24,2900000
Ernesto Torregrossa,66.5,75.28571428571429,ST,23.0,56.0,64.875,51.666666666666664,184,87,29,1900000
Jonatan Cristaldo,73.5,72.0,ST,21.0,64.66666666666667,66.875,62.0,174,73,32,1500000
Oli McBurnie,71.0,63.285714285714285,ST,30.5,63.333333333333336,61.375,54.666666666666664,191,77,25,2600000
Rober Ibáñez,72.5,67.85714285714286,ST,45.0,64.33333333333333,65.0,69.33333333333333,179,72,28,1900000
Mame Thiam,72.0,73.14285714285714,ST,23.0,59.333333333333336,64.25,64.0,185,79,29,1900000
Pablo Velázquez,68.0,64.71428571428571,ST,24.5,62.833333333333336,70.375,45.666666666666664,191,86,34,900000
Guido Carrillo,71.5,60.285714285714285,ST,36.0,64.0,66.75,51.666666666666664,191,87,30,1800000
Fernando Márquez,65.5,71.28571428571429,ST,37.0,61.333333333333336,67.125,58.333333333333336,184,86,33,1200000
Marcus Ingvartsen,73.5,69.57142857142857,ST,35.5,59.666666666666664,69.875,59.333333333333336,187,84,25,2400000
Leonardo Castro,65.0,66.0,ST,32.0,57.833333333333336,59.25,61.333333333333336,183,80,32,1500000
Wilson Morelo,70.0,74.57142857142857,ST,37.0,64.66666666666667,70.25,58.333333333333336,172,70,34,900000
Angelo Rodríguez,69.5,66.57142857142857,ST,30.0,61.833333333333336,57.875,53.333333333333336,181,80,32,1500000
Chuba Akpom,69.5,77.42857142857143,ST,23.0,57.833333333333336,60.75,51.0,186,81,25,2600000
Sven Michel,70.5,75.28571428571429,ST,32.5,62.833333333333336,65.25,61.0,179,79,31,1600000
Davie Selke,67.0,70.28571428571429,ST,40.5,62.5,65.5,49.333333333333336,194,84,26,2400000
Fernando Aristeguieta,68.5,65.85714285714286,ST,39.0,58.666666666666664,67.375,54.666666666666664,188,87,29,1900000
Wesley Saïd,0.0,41.142857142857146,ST,26.5,21.666666666666668,28.375,66.66666666666667,173,71,26,
Brandon Thomas,71.0,77.71428571428571,ST,24.5,48.0,57.0,59.333333333333336,175,71,26,
Kenan Karaman,75.0,70.71428571428571,ST,24.0,56.666666666666664,58.875,66.33333333333333,189,83,27,2200000
Benjamin Kololli,73.5,71.42857142857143,ST,53.5,63.166666666666664,65.5,66.33333333333333,184,82,29,1800000
Cassiano,64.0,65.85714285714286,ST,21.0,56.333333333333336,65.75,53.666666666666664,184,75,32,1500000
Martin Boyle,69.0,79.0,ST,53.5,57.333333333333336,61.75,60.0,172,70,28,1900000
Simon Hedlund,71.0,79.0,ST,25.0,64.16666666666667,58.75,62.0,173,66,28,1900000
Ivan Santini,61.5,56.0,ST,36.0,66.5,70.25,46.666666666666664,190,90,32,1500000
Miler Bolaños,73.5,72.85714285714286,ST,23.0,60.0,65.25,63.0,172,63,31,1600000
Leke James,71.0,74.85714285714286,ST,25.0,54.5,62.75,53.333333333333336,188,80,28,1900000
Mikael Ishak,65.5,72.71428571428571,ST,33.5,58.833333333333336,61.125,54.666666666666664,185,81,28,1900000
Cauley Woodrow,69.0,70.57142857142857,ST,30.0,58.833333333333336,65.125,57.333333333333336,184,74,26,2400000
Hillal Soudani,73.0,72.14285714285714,ST,38.5,67.83333333333333,68.875,67.66666666666667,182,75,33,1200000
Mats Seuntjens,71.0,69.14285714285714,ST,63.0,67.33333333333333,67.0,70.0,187,81,29,1800000
Jürgen Locadia,73.0,68.0,ST,31.5,63.333333333333336,69.125,62.666666666666664,185,87,27,2200000
Abdón Prats,69.0,68.85714285714286,ST,26.0,51.0,71.875,62.666666666666664,181,81,28,1900000
Jesé,76.5,60.714285714285715,ST,20.0,46.833333333333336,68.75,43.0,178,80,28,
CJ Sapong,67.0,65.42857142857143,ST,37.0,51.5,44.75,57.666666666666664,185,84,32,1500000
Ohi Omoijuanfo,68.0,71.14285714285714,ST,38.0,66.33333333333333,67.5,59.666666666666664,188,75,27,2200000
Federico Santander,68.0,70.42857142857143,ST,25.5,65.0,66.0,59.333333333333336,187,84,30,1800000
Tom Barkhuizen,69.0,82.42857142857143,ST,42.0,60.166666666666664,57.625,59.333333333333336,179,70,28,2000000
Jonson Clarke-Harris,65.0,74.28571428571429,ST,22.0,60.0,67.25,49.666666666666664,183,78,27,2100000
Stanislav Tecl,69.5,76.57142857142857,ST,35.0,66.0,63.625,60.666666666666664,181,82,31,1800000
Majeed Waris,71.5,78.28571428571429,ST,33.5,65.66666666666667,63.75,64.0,172,73,30,1900000
Franco Jara,71.0,71.28571428571429,ST,24.0,60.666666666666664,67.875,64.33333333333333,180,77,33,1500000
Khouma Babacar,70.5,66.71428571428571,ST,30.5,56.0,69.75,53.333333333333336,185,85,28,1900000
Torgeir Børven,67.5,74.0,ST,31.5,55.0,67.25,53.333333333333336,185,72,29,1900000
Ilombe Mboyo,72.5,68.57142857142857,ST,38.0,65.66666666666667,68.25,67.66666666666667,186,82,34,900000
E.Karaca Ōsako,77.0,69.42857142857143,ST,41.0,62.333333333333336,67.625,57.666666666666664,182,71,31,1600000
Kamil Wilczek,68.0,67.14285714285714,ST,32.5,67.66666666666667,64.125,62.666666666666664,185,83,33,1200000
Björn Bergmann Sigurðarson,71.5,67.42857142857143,ST,35.0,67.0,64.75,59.0,185,81,30,1800000
Melano Salibur,72.5,76.71428571428571,ST,35.0,59.666666666666664,67.375,66.33333333333333,177,76,30,1800000
Quique,68.0,76.28571428571429,ST,40.0,63.5,67.5,64.66666666666667,175,67,31,1600000
Manuel Schäffler,62.0,65.0,ST,24.0,63.833333333333336,64.25,49.666666666666664,189,89,32,1500000
Dentinho,75.0,72.57142857142857,ST,45.5,65.5,64.5,63.0,176,75,32,1500000
Ádám Szalai,66.5,48.857142857142854,ST,41.5,69.66666666666667,67.5,54.666666666666664,193,93,33,1200000
Tomáš Pekhart,62.5,57.285714285714285,ST,29.0,62.166666666666664,63.5,49.333333333333336,196,89,32,1500000
Gary Hooper,67.0,65.0,ST,26.5,61.333333333333336,67.5,61.0,179,82,33,1200000
Jozy Altidore,66.0,66.85714285714286,ST,28.0,64.0,71.625,54.0,183,79,31,1600000
Scott Sinclair,73.0,70.85714285714286,ST,39.5,61.833333333333336,69.625,60.666666666666664,178,70,32,1500000
Angulo,68.5,73.57142857142857,ST,33.5,60.833333333333336,69.125,58.333333333333336,183,79,37,650000
Rubén Castro,69.5,73.71428571428571,ST,24.0,64.16666666666667,69.75,55.0,169,68,40,650000
Roque Santa Cruz,69.0,37.57142857142857,ST,30.0,66.16666666666667,71.25,56.333333333333336,189,80,40,650000
Cadena,69.5,67.57142857142857,ST,31.5,60.833333333333336,71.375,57.666666666666664,186,78,39,650000
Cantero,72.0,71.0,ST,20.5,53.666666666666664,55.375,65.66666666666667,184,75,21,3600000
Ahmadou Bamba Dieng,70.0,67.42857142857143,ST,27.5,52.333333333333336,66.75,52.0,178,72,21,3500000
Elye Wahi,75.0,74.42857142857143,ST,27.0,58.5,63.875,57.666666666666664,184,74,18,3400000
Rodríguez Serrano Vertessen,71.0,74.85714285714286,ST,31.0,55.0,61.75,61.666666666666664,176,68,20,3800000
Gustavo Del Prete,70.0,65.0,ST,22.0,49.666666666666664,60.25,52.333333333333336,175,64,25,2400000
Karim El Berkaoui,68.5,79.28571428571429,ST,18.5,59.0,67.5,48.666666666666664,174,63,25,2400000
Jackson Muleka,70.0,75.42857142857143,ST,21.5,58.166666666666664,65.75,53.333333333333336,180,77,22,3600000
Osman Bukari,75.5,78.85714285714286,ST,26.0,57.666666666666664,57.875,57.666666666666664,170,68,22,3200000
Mirko Marić,67.0,63.42857142857143,ST,25.0,55.333333333333336,62.375,46.333333333333336,188,80,26,2100000
Michel Ange Balikwisha,72.0,77.0,ST,12.0,54.0,57.875,63.666666666666664,178,69,20,3800000
Omar Marmoush,37.0,75.42857142857143,ST,24.0,23.166666666666668,46.0,54.333333333333336,183,81,22,3600000
Marco Grüll,70.5,71.85714285714286,ST,34.0,51.666666666666664,64.875,63.0,182,74,23,2600000
Armando Broja,71.0,58.714285714285715,ST,27.0,56.833333333333336,61.125,50.666666666666664,191,75,20,3800000
Júnior Santos,71.0,63.57142857142857,ST,22.0,56.166666666666664,60.5,50.333333333333336,188,85,27,
Róbert Boženík,69.5,71.28571428571429,ST,29.5,60.666666666666664,64.0,61.333333333333336,188,81,21,3300000
Daryl Dike,65.0,66.28571428571429,ST,15.0,51.166666666666664,29.75,21.666666666666668,188,100,21,
Leonardo,68.0,67.28571428571429,ST,27.5,60.666666666666664,67.875,49.333333333333336,180,77,24,2400000
Jholvis Acevedo,69.5,70.0,ST,37.5,56.0,65.125,60.666666666666664,179,73,23,2100000
Ignacio Ramírez,58.5,68.85714285714286,ST,20.5,50.333333333333336,61.375,49.666666666666664,179,76,24,3200000
Fábio Silva,72.5,68.42857142857143,ST,18.5,55.333333333333336,61.625,42.333333333333336,185,75,19,3700000
Halil İbrahim Dervişoğlu,73.5,67.85714285714286,ST,35.5,60.833333333333336,64.25,56.333333333333336,183,76,21,3600000
Ugo Bonnet,67.5,73.14285714285714,ST,26.0,57.5,62.5,48.333333333333336,181,73,28,1700000
Aké Loba,68.5,76.42857142857143,ST,19.5,54.0,61.125,58.0,179,72,23,3600000
Bryan Angulo,68.0,72.0,ST,14.5,50.0,64.25,46.333333333333336,183,75,25,2200000
Daizen Maeda,69.0,78.57142857142857,ST,36.0,60.333333333333336,68.125,56.333333333333336,173,68,23,2400000
Iván Jaime,73.5,65.85714285714286,ST,49.0,58.333333333333336,64.125,64.66666666666667,180,73,21,3800000
Rober,72.5,47.57142857142857,ST,23.5,55.666666666666664,58.125,65.66666666666667,169,63,20,3800000
Makhtar Gueye,64.0,60.285714285714285,ST,25.0,58.333333333333336,65.5,55.333333333333336,195,91,23,2400000
Sekou Gassama,63.5,65.71428571428571,ST,28.0,54.333333333333336,63.0,43.0,189,88,26,2100000
Christian Kühlwetter,71.0,75.14285714285714,ST,30.0,60.5,64.625,60.333333333333336,180,79,25,2200000
Kevin Castañeda,68.0,65.28571428571429,ST,32.5,56.333333333333336,70.5,65.33333333333333,174,79,21,3100000
Elady,69.0,72.28571428571429,ST,38.0,57.666666666666664,66.875,64.33333333333333,176,75,31,1400000
Fernando,77.0,64.28571428571429,ST,32.5,53.666666666666664,59.5,55.0,176,69,22,3600000
Maximiliano Salas,74.5,70.85714285714286,ST,26.5,51.5,59.0,68.33333333333333,172,75,23,2400000
Moussa Djitté,72.0,80.0,ST,23.5,56.0,58.375,52.666666666666664,180,75,22,3600000
Jonathan Herrera,67.5,69.85714285714286,ST,20.0,53.833333333333336,61.0,56.0,175,75,30,1600000
Francisco Apaolaza,62.5,66.57142857142857,ST,31.0,57.333333333333336,58.875,49.666666666666664,187,79,24,2100000
Linton Maina,71.5,75.0,ST,24.5,51.5,52.0,62.333333333333336,173,70,22,3600000
Elvir Koljić,61.5,67.42857142857143,ST,28.5,57.833333333333336,65.625,49.666666666666664,191,85,26,2000000
Vajebah Bárcenas,70.0,72.85714285714286,ST,35.5,53.5,62.25,63.666666666666664,175,75,27,1700000
Jesus Ferreira,66.5,78.85714285714286,ST,38.0,61.5,60.625,62.0,173,64,20,3800000
Eddie Salcedo,78.5,72.14285714285714,ST,34.0,53.5,58.625,62.0,178,74,20,3800000
Tyrese Campbell,70.0,72.28571428571429,ST,31.0,58.333333333333336,64.375,57.0,183,75,21,3900000
Kévin Zovko,75.5,73.85714285714286,ST,21.0,48.166666666666664,62.0,61.666666666666664,180,73,24,2500000
Nikolai Baden Frederiksen,74.0,75.28571428571429,ST,20.0,54.333333333333336,65.375,58.666666666666664,179,68,21,3600000
Danilo,73.0,74.57142857142857,ST,18.5,55.166666666666664,67.25,51.333333333333336,174,66,22,3600000
Sergio Córdova,69.5,66.85714285714286,ST,19.5,51.833333333333336,63.25,49.666666666666664,188,87,24,3200000
Marko Raguž,71.5,68.28571428571429,ST,17.0,59.833333333333336,63.25,57.333333333333336,186,79,23,2500000
Adrian Grbic,67.5,68.28571428571429,ST,33.0,56.666666666666664,70.875,50.666666666666664,188,82,25,2300000
Umut Bozok,71.0,74.85714285714286,ST,23.0,56.333333333333336,63.125,55.666666666666664,178,75,25,2100000
Daniel Keita-Ruel,64.0,74.42857142857143,ST,37.0,58.0,63.625,46.666666666666664,185,79,32,1300000
Na Sang Ho,68.0,77.0,ST,28.5,58.333333333333336,56.75,60.666666666666664,173,70,25,2200000
Ado Onaiwu,66.0,75.28571428571429,ST,34.5,59.666666666666664,61.0,51.333333333333336,180,75,25,2200000
Aaron Connolly,70.5,72.0,ST,15.0,56.5,59.75,49.0,175,73,21,3300000
Mohamed Buya Turay,70.0,80.71428571428571,ST,24.5,59.666666666666664,60.375,48.333333333333336,180,75,26,1800000
Túlio Sandoiro,74.5,65.71428571428571,ST,25.5,62.0,70.0,59.666666666666664,186,82,25,1800000
Norberto Briasco,73.0,74.42857142857143,ST,16.5,56.166666666666664,59.25,61.666666666666664,186,82,25,2400000
Facundo Barceló,66.0,77.85714285714286,ST,22.0,47.333333333333336,60.25,43.333333333333336,180,78,28,1600000
Juan Brunetta,69.0,65.57142857142857,ST,45.0,61.5,68.5,73.0,172,68,24,2400000
Husein Balić,68.0,74.14285714285714,ST,26.5,54.0,59.5,65.33333333333333,183,75,25,2100000
Johan Moreno,71.5,63.714285714285715,ST,37.5,55.166666666666664,66.5,67.66666666666667,169,72,30,1500000
Andreas Albers,64.5,66.14285714285714,ST,25.5,48.833333333333336,55.75,42.666666666666664,193,90,31,1300000
Mamadou Fall,67.0,68.42857142857143,ST,38.5,56.833333333333336,60.0,63.0,184,72,29,1600000
David Okereke,72.0,78.28571428571429,ST,24.0,55.5,56.75,48.0,181,77,24,2500000
Shoma Doi,71.0,71.85714285714286,ST,45.0,61.833333333333336,63.75,65.0,172,63,29,1600000
Ataru Esaka,69.5,74.14285714285714,ST,49.5,65.5,66.75,68.0,175,67,29,1600000
Musashi Suzuki,68.5,67.85714285714286,ST,24.0,55.666666666666664,61.25,54.0,185,75,27,1700000
Mathias Honsak,69.5,75.28571428571429,ST,48.0,61.0,55.5,61.333333333333336,188,78,24,2500000
Jarosław Niezgoda,67.5,72.42857142857143,ST,34.0,54.666666666666664,59.75,46.666666666666664,185,73,26,2100000
Leonardo Ruiz,71.0,67.14285714285714,ST,17.5,56.333333333333336,66.625,54.0,185,70,25,2200000
José Arnáiz,71.0,69.57142857142857,ST,41.5,55.5,68.375,65.0,174,70,26,1900000
Fafà Picault,70.5,74.14285714285714,ST,37.0,60.5,61.75,64.0,173,64,30,1500000
Nuno da Costa,71.0,73.57142857142857,ST,16.0,59.333333333333336,63.5,60.666666666666664,182,70,30,1600000
Cryzan,68.5,72.28571428571429,ST,17.0,62.0,65.375,68.33333333333333,190,82,25,2400000
Edardynho Neto,74.0,68.28571428571429,ST,17.5,45.333333333333336,64.375,49.666666666666664,173,70,25,1800000
Arthur Silbeira,70.5,58.57142857142857,ST,23.5,56.5,68.5,55.333333333333336,178,78,25,1800000
Cristian Lodeira,73.5,73.42857142857143,ST,21.5,58.666666666666664,63.75,57.333333333333336,172,66,29,1600000
Eltildo Bessa,74.0,73.57142857142857,ST,27.5,61.166666666666664,66.375,48.0,165,62,25,1800000
Óscar Estupiñán,70.0,72.0,ST,22.0,56.5,66.875,47.666666666666664,182,76,24,3200000
Jorge Pombo,71.5,74.28571428571429,ST,49.0,68.16666666666667,68.5,66.66666666666667,177,76,27,1900000
Maximiliano Romero,65.0,60.57142857142857,ST,26.0,56.833333333333336,62.375,47.666666666666664,179,72,22,3600000
Roger Assalé,71.0,76.0,ST,28.5,58.5,64.125,63.0,167,65,27,1700000
Cedric Teuchert,74.0,72.28571428571429,ST,31.0,56.333333333333336,60.75,60.666666666666664,182,80,24,2200000
Víctor Dávila,74.5,69.0,ST,29.5,59.5,66.375,61.666666666666664,172,68,23,3200000
Sinan Gümüş,71.0,63.57142857142857,ST,34.0,58.166666666666664,64.75,66.0,179,70,27,1700000
Mimoun Mahi,76.5,69.42857142857143,ST,29.5,64.0,68.625,64.66666666666667,181,69,27,1900000
Mohamed Rayhi,73.5,74.28571428571429,ST,47.0,63.5,67.625,60.333333333333336,178,76,27,1700000
Aaron Leya Iseka,69.5,76.14285714285714,ST,20.5,57.166666666666664,66.375,60.333333333333336,183,82,23,2400000
Serginho,73.0,68.85714285714286,ST,27.0,49.833333333333336,44.625,67.0,169,68,36,525000
Grejohn Kyei,66.5,73.14285714285714,ST,21.5,56.833333333333336,61.5,49.333333333333336,188,90,26,2100000
Isaac Success,75.5,67.57142857142857,ST,37.0,54.5,63.0,65.0,182,90,25,2400000
Francisco Fydriszewski,69.0,61.142857142857146,ST,25.0,57.833333333333336,57.375,48.0,186,76,28,1600000
Lys Mousset,71.5,72.57142857142857,ST,19.5,53.333333333333336,64.875,53.0,184,80,25,2200000
Viðar Örn Kjartansson,62.5,30.285714285714285,ST,26.0,46.666666666666664,56.875,42.666666666666664,187,80,31,1300000
Leonardo Villagra,63.5,70.14285714285714,ST,17.0,53.666666666666664,71.0,57.0,181,79,31,1600000
Jordan Hugill,66.0,72.14285714285714,ST,35.0,62.666666666666664,62.0,51.666666666666664,183,85,29,1600000
Gonzalo Mastriani,64.0,63.714285714285715,ST,26.0,50.166666666666664,68.5,45.666666666666664,180,76,28,1600000
Ezequiel Cerutti,70.5,72.71428571428571,ST,36.5,63.0,62.625,64.0,179,75,29,1600000
Gabadhino Mhango,69.5,73.0,ST,17.5,53.666666666666664,61.625,45.666666666666664,162,76,29,1600000
Juan Kaprof,73.5,76.0,ST,31.0,55.0,54.5,60.0,169,71,26,2100000
Anderson Plata,69.0,77.85714285714286,ST,39.0,64.0,58.25,59.333333333333336,172,65,30,1500000
Willie,37.5,70.0,ST,34.5,45.666666666666664,64.75,61.666666666666664,169,66,28,
Cristian Menéndez,68.5,67.85714285714286,ST,30.0,65.0,64.875,56.333333333333336,185,83,33,1000000
Martín Cauteruccio,69.0,69.14285714285714,ST,28.5,63.333333333333336,70.5,59.666666666666664,180,76,34,775000
Leandro Díaz,69.5,72.28571428571429,ST,22.0,53.0,65.0,60.666666666666664,182,80,29,1600000
Francesco Forte,68.0,62.57142857142857,ST,27.0,63.5,62.625,63.333333333333336,187,75,28,1600000
Baptiste Guillaume,73.0,64.85714285714286,ST,29.5,56.166666666666664,58.25,57.666666666666664,190,86,26,2100000
Hervin Ongenda,36.0,38.714285714285715,ST,32.5,48.0,54.375,68.66666666666667,171,72,26,2100000
Joo Min Kyu,65.0,73.28571428571429,ST,45.5,63.333333333333336,64.5,50.333333333333336,183,79,31,1300000
Laurent Depoitre,66.0,54.714285714285715,ST,40.5,66.33333333333333,61.125,58.666666666666664,191,91,32,1500000
Jamal Lowe,72.0,33.285714285714285,ST,17.5,50.666666666666664,56.5,56.0,183,79,27,1900000
Corentin Jean,72.0,69.57142857142857,ST,27.5,60.833333333333336,66.625,69.0,170,70,26,2000000
